humidity,light,temperature,timestamp,state,humidity_yesterday,light_yesterday,temperature_yesterday
46.0,21.0,24.13,2025-04-22 07:35:00.595,Normal,67.8185214958188,-9.184013637775578,15.266437643771146
43.0,55.0,14.85,2025-04-22 07:45:00.611,Normal,42.69994273253799,-8.389946711209884,15.057061112295411
46.0,53.0,12.43,2025-04-22 07:55:00.626,Normal,49.21520727652446,31.462625692885595,19.921397112978024
44.0,62.0,13.46,2025-04-22 08:05:00.641,Normal,43.81858650782073,39.23004306051674,30.981364591038165
44.0,62.0,13.52,2025-04-22 08:15:00.656,Normal,72.40647701975865,1.143500335037178,10.918768118032103
46.0,62.0,12.86,2025-04-22 08:25:00.671,Normal,70.71219448588184,-1.192122254620184,13.965178543598583
47.0,64.0,12.25,2025-04-22 08:35:00.686,Normal,81.17082825363954,49.23683839698211,12.854532619402528
51.0,59.0,10.78,2025-04-22 08:45:00.701,Normal,79.00797755504036,65.96209671509749,23.428731802970454
39.0,75.0,16.97,2025-04-22 08:55:00.716,Normal,49.45299795165956,39.12154761470351,30.188800129256435
38.0,79.0,16.85,2025-04-22 09:05:00.732,Normal,52.62700981459983,66.36524674139339,29.95029400959337
38.0,80.0,17.02,2025-04-22 09:15:00.747,Normal,52.52080811386905,70.87746705750952,12.951224131784311
39.0,81.0,17.36,2025-04-22 09:25:00.762,Normal,61.480095659475666,14.998033901903163,25.19597352833044
39.0,81.0,17.39,2025-04-22 09:35:00.777,Normal,36.15642907134708,91.67534976569411,12.533310177571366
39.0,82.0,17.66,2025-04-22 09:45:00.792,Normal,45.17389646561501,29.98898849694877,18.89717160671458
40.0,87.0,18.11,2025-04-22 09:55:00.807,Normal,57.08659786229622,70.78976360379164,26.961274600924078
40.0,84.0,18.05,2025-04-22 10:05:00.822,Normal,78.87439756879708,96.87224013737026,11.557182658594506
41.0,85.0,18.16,2025-04-22 10:15:00.837,Normal,77.13934534791619,43.523153352209754,17.5446224445216
41.0,88.0,18.41,2025-04-22 10:25:00.852,Normal,44.07944310937045,84.82024389685772,18.462750350320512
41.0,86.0,18.63,2025-04-22 10:35:00.867,Normal,41.85130369892186,33.49753400702766,14.955144060958801
42.0,87.0,18.82,2025-04-22 10:45:00.882,Normal,60.814558226490064,65.88992132524095,26.78626543754774
42.0,83.0,18.96,2025-04-22 10:55:00.897,Normal,51.45601415402962,29.881834120101715,23.171527519529157
43.0,82.0,19.15,2025-04-22 11:05:00.913,Normal,79.40357689600974,11.56190672304712,30.874881775492504
43.0,80.0,19.23,2025-04-22 11:15:00.928,Normal,48.21724050475768,53.27423240646341,11.918412668522711
43.0,83.0,19.25,2025-04-22 11:25:00.943,Normal,42.66601528523436,90.0937165701159,19.269113498259102
43.0,83.0,19.42,2025-04-22 11:35:00.958,Normal,81.22788562046317,84.29711328905982,23.503076768720646
43.0,88.0,19.42,2025-04-22 11:45:00.973,Normal,44.07202724114242,4.075286891677429,24.334331563004323
43.0,85.0,19.55,2025-04-22 11:55:00.988,Normal,53.639114954261736,17.61376383654843,26.627998102812445
43.0,86.0,19.63,2025-04-22 12:05:01.003,Normal,32.13916254461807,13.91421313825083,11.467491525858183
44.0,86.0,19.79,2025-04-22 12:15:01.018,Normal,61.93860383580781,70.15227258026306,14.24558685150898
44.0,86.0,19.74,2025-04-22 12:25:01.033,Normal,73.23268796333298,18.95233264491923,18.30658937698933
44.0,87.0,19.82,2025-04-22 12:35:01.048,Normal,61.214392786786405,13.544892370309181,28.45483624779257
44.0,85.0,20.09,2025-04-22 12:45:01.063,Normal,58.668311469674336,-1.8944028883122481,28.9699510325065
44.0,85.0,20.36,2025-04-22 12:55:01.078,Normal,62.54939817585256,39.10187103039289,16.48045980303965
44.0,86.0,20.46,2025-04-22 13:05:01.094,Normal,51.57234437546444,69.44867240510759,23.47660798454686
44.0,86.0,20.52,2025-04-22 13:15:01.109,Normal,43.99221232950041,52.63441957366858,16.958707495263738
44.0,86.0,20.7,2025-04-22 13:25:01.124,Normal,76.82807356557952,72.10921629490466,16.027444869436984
44.0,86.0,20.86,2025-04-22 13:35:01.139,Normal,61.88068901971273,32.054774719875454,29.90784727436587
45.0,86.0,20.94,2025-04-22 13:45:01.154,Normal,38.652684891715865,80.74414964112786,13.520405477348486
45.0,85.0,20.91,2025-04-22 13:55:01.169,Normal,69.64834534162128,36.53603779700729,14.092411720139687
45.0,85.0,21.02,2025-04-22 14:05:01.184,Normal,44.30197594640538,33.19418351817285,29.38498169006874
45.0,89.0,21.12,2025-04-22 14:15:01.199,Normal,46.01063628069309,71.650621361749,11.852472224309768
45.0,90.0,21.36,2025-04-22 14:25:01.214,Normal,43.58090872808094,-12.517458971712534,29.53259534558844
45.0,91.0,21.36,2025-04-22 14:35:01.229,Normal,56.172443453606846,99.72809237933649,11.911131917356906
45.0,92.0,21.34,2025-04-22 14:45:01.244,Normal,53.656760151736975,-5.480045142386617,23.33303796644087
45.0,91.0,21.34,2025-04-22 14:55:01.259,Normal,74.85363686571532,40.716221299159415,27.6690744378123
46.0,94.0,21.39,2025-04-22 15:05:01.275,Normal,64.87581412770682,9.416268373552427,17.2071614845576
46.0,95.0,21.28,2025-04-22 15:15:01.290,Normal,67.12995459403231,70.52996679870749,30.33499910504672
46.0,95.0,21.34,2025-04-22 15:25:01.305,Normal,43.696733180657525,7.8571688297631255,12.348200393928991
46.0,96.0,21.36,2025-04-22 15:35:01.320,Normal,36.65191491314684,83.51123815750007,12.048277456633272
46.0,100.0,21.76,2025-04-22 15:45:01.335,Normal,37.093728208502974,63.34004049005978,14.419434799237502
46.0,100.0,23.05,2025-04-22 15:55:01.350,Normal,39.69126957445901,88.45107565285996,18.418745707879765
46.0,100.0,21.91,2025-04-22 16:05:01.365,Normal,81.05388335392992,34.37550450321715,22.167017497120014
46.0,100.0,21.62,2025-04-22 16:15:01.380,Normal,45.21176923452877,34.95973508696245,12.89375941681982
46.0,93.0,21.36,2025-04-22 16:25:01.395,Normal,42.173812783677874,77.30226513806043,12.70405214126444
46.0,89.0,21.12,2025-04-22 16:35:01.410,Normal,57.824941797688,54.79325886222395,24.411466766321148
46.0,89.0,20.54,2025-04-22 16:45:01.425,Normal,68.03127886991862,57.98085681403212,31.198858687593066
46.0,88.0,20.54,2025-04-22 16:55:01.440,Normal,65.81086701731238,88.27916499139202,23.66464167501787
46.0,88.0,20.65,2025-04-22 17:05:01.456,Normal,78.22889778090608,94.07520677849371,27.275896059251934
46.0,84.0,20.38,2025-04-22 17:15:01.471,Normal,44.35565302465778,64.6865664084741,23.473003828735735
46.0,81.0,20.09,2025-04-22 17:25:01.486,Normal,74.76632445269698,13.88728775985593,23.305175339186533
46.0,80.0,19.85,2025-04-22 17:35:01.501,Normal,34.92113908322152,30.50106950729233,25.817351098296612
46.0,74.0,19.66,2025-04-22 17:45:01.516,Normal,71.25990110264806,69.77298182394716,29.503334569917563
46.0,60.0,19.66,2025-04-22 17:55:01.531,Normal,76.38839743558869,88.13471769480327,16.424637325754635
46.0,31.0,19.25,2025-04-22 18:05:01.546,Normal,53.54808564284096,68.55178343630014,18.828442191606168
45.0,5.0,19.2,2025-04-22 18:15:01.561,Normal,47.20512414938403,40.48934517689973,26.832179082429064
45.0,-14.0,18.9,2025-04-22 18:25:01.576,Normal,68.80601994692248,77.60018724667826,30.749149572070557
45.0,-16.0,19.09,2025-04-22 18:35:01.591,Normal,41.926836518343315,-15.182973181066467,18.8576179817469
45.0,-16.0,18.82,2025-04-22 18:45:01.606,Normal,75.61952850770643,53.9564999611559,13.5032150066687
45.0,-16.0,19.23,2025-04-22 18:55:01.621,Normal,35.061826236588836,61.88654062969118,14.006837017738995
45.0,-16.0,19.25,2025-04-22 19:05:01.637,Normal,76.78980786668822,67.89911335919405,16.377250736248136
45.0,-16.0,19.23,2025-04-22 19:15:01.652,Normal,61.93357628439607,-15.626820501063404,24.744087461696196
45.0,-16.0,19.34,2025-04-22 19:25:01.667,Normal,61.14783938555813,62.32335808178962,25.73303627018138
44.0,-16.0,19.36,2025-04-22 19:35:01.682,Normal,41.02808300365267,71.86055449415385,25.415533381873843
44.0,-16.0,19.31,2025-04-22 19:45:01.697,Normal,78.24316826272985,76.20371346693312,19.926932804044355
45.0,-16.0,19.36,2025-04-22 19:55:01.712,Normal,42.37305277238631,-2.449687297352522,28.75253922397001
45.0,-16.0,19.31,2025-04-22 20:05:01.727,Normal,42.99035728903295,93.86220476557585,18.92355388872435
44.0,-16.0,19.34,2025-04-22 20:15:01.742,Normal,71.93140985740814,55.390799267258515,23.925310406482264
45.0,-16.0,19.25,2025-04-22 20:25:01.757,Normal,65.39051367244355,-6.2529583592767,23.43893587792997
44.0,-16.0,19.25,2025-04-22 20:35:01.772,Normal,64.3600220529207,48.68750011257592,22.35958558439297
44.0,-16.0,19.23,2025-04-22 20:45:01.787,Normal,69.98467566455125,25.31908745564906,12.841349372070415
44.0,-16.0,19.25,2025-04-22 20:55:01.803,Normal,42.8055552369619,44.721996815354835,28.81922389654072
44.0,-16.0,19.23,2025-04-22 21:05:01.818,Normal,54.996383661217706,70.91672008500353,22.082380182000392
44.0,-16.0,19.23,2025-04-22 21:15:01.833,Normal,34.50481485454804,-1.7805843677401505,30.922168146018436
44.0,-16.0,19.17,2025-04-22 21:25:01.848,Normal,55.010619372743825,90.1297442058983,11.77422638014507
44.0,-15.0,19.23,2025-04-22 21:35:01.863,Normal,76.50490819611107,41.46407977813916,11.817420621828887
44.0,-16.0,19.23,2025-04-22 21:45:01.878,Normal,74.40994221775262,3.6952534975977755,14.013825707009165
44.0,-9.0,19.23,2025-04-22 21:55:01.893,Normal,54.09455209609099,-11.344490195380569,28.176433934051445
44.0,-10.0,19.25,2025-04-22 22:05:01.908,Normal,78.07273799045606,28.07349776836635,27.314866466391067
44.0,-6.0,19.36,2025-04-22 22:15:01.923,Normal,50.643135411803506,-15.742489664750206,16.76967144098248
44.0,-9.0,19.36,2025-04-22 22:25:01.938,Normal,77.75505807259319,2.198908006091571,31.216574466718775
44.0,-9.0,19.42,2025-04-22 22:35:01.953,Normal,63.34835064160343,-1.8136624908764158,12.04321362212873
44.0,-11.0,19.58,2025-04-22 22:45:01.968,Normal,39.97460478396315,62.132657749694786,24.405311144720553
44.0,-10.0,19.58,2025-04-22 22:55:01.984,Normal,55.87874572427875,86.5604152450506,14.422314988649218
48.0,-14.0,18.82,2025-04-22 23:00:00.597,Triste,72.66499857444484,84.35472642894845,13.863652504937763
43.0,0.0,17.02,2025-04-22 23:10:00.613,Triste,59.93264611977783,44.350888287591886,30.521626725601337
42.0,0.0,16.66,2025-04-22 23:20:00.628,Triste,34.06239945668645,46.595797493240774,28.056571541858034
41.0,-2.0,16.6,2025-04-22 23:30:00.643,Triste,77.30258053577111,28.940962802360396,26.312371705612087
42.0,-2.0,16.4,2025-04-22 23:40:00.658,Triste,67.33337935295256,-9.909756972755535,14.199967450570744
42.0,-2.0,16.12,2025-04-22 23:50:00.673,Triste,77.88062877428814,16.234715938077834,20.763412891492038
42.0,-2.0,16.12,2025-04-23 00:00:00.688,Triste,64.86313943849855,68.86007124825423,25.42814973088168
42.0,-2.0,15.98,2025-04-23 00:10:00.703,Triste,42.21039613264416,40.07978507493353,20.840083152912563
41.0,-1.0,16.06,2025-04-23 00:20:00.718,Triste,38.24617609873937,58.10032292563338,11.598098409225058
41.0,-1.0,16.26,2025-04-23 00:30:00.733,Triste,48.09370788959191,90.35534324310134,19.709867834174872
41.0,-1.0,16.18,2025-04-23 00:40:00.748,Triste,54.10292547416677,2.9593997014791924,20.35808652470303
41.0,-1.0,16.77,2025-04-23 00:50:00.764,Triste,50.035676406591605,54.778524808421665,12.278633334669244
41.0,-1.0,16.69,2025-04-23 01:00:00.779,Triste,74.33126417847944,-13.542380445332409,13.19713109258299
41.0,-1.0,16.77,2025-04-23 01:10:00.794,Triste,81.78507067944537,31.332020555026403,19.121711399386243
41.0,-1.0,16.88,2025-04-23 01:20:00.809,Triste,65.48140462938647,14.751588419099221,19.18330558204066
41.0,-1.0,16.97,2025-04-23 01:30:00.824,Triste,69.60577493489016,22.399958666818456,16.507393030391988
41.0,-2.0,16.74,2025-04-23 01:40:00.839,Triste,45.19450142257871,90.15178269379707,28.863950019891917
41.0,-1.0,16.71,2025-04-23 01:50:00.854,Triste,78.73082065094104,78.24162939921483,21.00332667620576
40.0,-1.0,16.77,2025-04-23 02:00:00.869,Triste,51.699339617013194,69.29976021249678,22.049503896632316
40.0,-1.0,16.97,2025-04-23 02:10:00.884,Triste,50.3411410032937,17.55628964408738,20.032803204171806
40.0,-1.0,17.02,2025-04-23 02:20:00.899,Triste,64.90929568881955,40.10383715525281,26.937609575634973
40.0,-1.0,16.85,2025-04-23 02:30:00.914,Triste,70.01282328123108,62.94775422898772,13.538449417672872
40.0,-1.0,16.6,2025-04-23 02:40:00.929,Triste,61.391596999608495,49.05753232385605,23.655485908257127
40.0,-1.0,16.52,2025-04-23 02:50:00.944,Triste,35.82829212628717,13.999706295117825,19.764260136305218
40.0,-1.0,16.66,2025-04-23 03:00:00.960,Triste,34.57771538194356,14.047581044647508,19.943689310091287
40.0,-1.0,16.52,2025-04-23 03:10:00.975,Triste,32.773594652639694,26.777674465776414,28.43664515333593
40.0,-1.0,16.4,2025-04-23 03:20:00.990,Triste,32.54626027595718,38.37961665853735,26.175747887926015
40.0,-1.0,16.63,2025-04-23 03:30:01.005,Triste,32.54175855488174,24.114149507135437,24.499445019576616
40.0,-1.0,16.54,2025-04-23 03:40:01.020,Triste,47.54231278400443,25.77147412818207,28.96128302242743
40.0,-1.0,16.32,2025-04-23 03:50:01.035,Triste,48.54780900106711,31.48192275899808,10.967939939970673
40.0,-1.0,16.23,2025-04-23 04:00:01.050,Triste,76.5316142620899,22.657351826641012,15.481175322831788
40.0,-1.0,16.26,2025-04-23 04:10:01.065,Triste,47.35568357971467,-7.463669267307193,17.252968515419493
40.0,-1.0,16.37,2025-04-23 04:20:01.080,Triste,76.40797259393985,95.21661619946671,11.854548060536542
39.0,-1.0,16.4,2025-04-23 04:30:01.095,Triste,66.98427744528506,30.1077111935099,25.642109916629128
39.0,-1.0,16.4,2025-04-23 04:40:01.110,Triste,41.65170023198314,-8.537816096715922,29.079327926193287
39.0,-1.0,16.43,2025-04-23 04:50:01.125,Triste,63.38677935335823,-5.202833939312269,29.434536340778223
39.0,-1.0,16.12,2025-04-23 05:00:01.141,Triste,73.94405585491386,44.721007271388686,16.54669971211441
39.0,-1.0,16.23,2025-04-23 05:10:01.156,Triste,56.66203735347874,86.82552974787069,15.892572770054333
39.0,-1.0,15.86,2025-04-23 05:20:01.171,Triste,70.07815338607858,55.44705528577025,21.738481930111973
39.0,-1.0,16.18,2025-04-23 05:30:01.186,Triste,39.77217907935176,5.296207978958741,22.103067227678686
39.0,-1.0,16.23,2025-04-23 05:40:01.201,Triste,68.93536475844795,63.59887566264763,30.76755782293401
39.0,-1.0,16.4,2025-04-23 05:50:01.216,Triste,40.09411041890163,73.92528373262522,14.648296173329893
39.0,-1.0,16.12,2025-04-23 06:00:01.231,Triste,47.572567672338955,70.95755717262352,21.349983993370827
39.0,-1.0,16.29,2025-04-23 06:10:01.246,Triste,52.56646175176839,-12.063921369255763,20.057030014983873
39.0,-1.0,16.15,2025-04-23 06:20:01.261,Triste,64.89989141819629,1.6497856623225609,30.55806267850526
39.0,-1.0,16.0,2025-04-23 06:30:01.276,Triste,34.67890858289122,8.725489143859456,22.689158501000687
39.0,-1.0,16.12,2025-04-23 06:40:01.291,Triste,46.44838120416865,3.6711247117824293,17.941550834302898
39.0,-1.0,15.69,2025-04-23 06:50:01.306,Triste,46.238078425112946,15.151833883494128,17.951132415857835
39.0,0.0,16.0,2025-04-23 07:00:01.322,Triste,77.53043815317471,86.08806400626122,29.611232960861294
39.0,10.0,15.66,2025-04-23 07:10:01.337,Triste,74.95316299106491,67.71188501864711,17.807156174097358
39.0,19.0,15.66,2025-04-23 07:20:01.352,Triste,67.18661878986526,52.490513254611685,15.91058085586447
39.0,32.0,15.6,2025-04-23 07:30:01.367,Triste,61.6809349796994,81.57383595240037,17.191273152974624
38.0,49.0,15.4,2025-04-23 07:40:01.382,Triste,37.18870844620045,1.436166896784421,20.811060648657968
38.0,60.0,15.75,2025-04-23 07:50:01.397,Triste,78.27515050155154,21.640260801886654,19.06154227412084
38.0,62.0,15.66,2025-04-23 08:00:01.412,Triste,62.74529677664209,30.790586517563412,15.483143121446322
38.0,70.0,15.69,2025-04-23 08:10:01.427,Triste,71.91817526662615,9.165778930993735,13.665961075963498
39.0,64.0,16.15,2025-04-23 08:20:01.442,Triste,53.74712045650263,76.62004607274787,26.692979924083566
38.0,69.0,16.0,2025-04-23 08:30:01.457,Triste,46.0,21.0,24.13
38.0,78.0,16.2,2025-04-23 08:40:01.472,Triste,43.0,55.0,14.85
38.0,77.0,16.43,2025-04-23 08:50:01.487,Triste,46.0,53.0,12.43
38.0,84.0,16.26,2025-04-23 09:00:01.503,Triste,44.0,62.0,13.46
39.0,82.0,16.6,2025-04-23 09:10:01.518,Triste,44.0,62.0,13.52
38.0,85.0,16.43,2025-04-23 09:20:01.533,Triste,46.0,62.0,12.86
39.0,84.0,16.83,2025-04-23 09:30:01.548,Triste,47.0,64.0,12.25
39.0,85.0,16.99,2025-04-23 09:40:01.563,Triste,51.0,59.0,10.78
38.0,86.0,17.78,2025-04-23 09:50:01.578,Triste,39.0,75.0,16.97
38.0,89.0,17.36,2025-04-23 10:00:01.593,Triste,38.0,79.0,16.85
39.0,86.0,17.41,2025-04-23 10:10:01.608,Triste,38.0,80.0,17.02
39.0,86.0,17.44,2025-04-23 10:20:01.623,Triste,39.0,81.0,17.36
39.0,87.0,17.86,2025-04-23 10:30:01.638,Triste,39.0,81.0,17.39
39.0,90.0,18.08,2025-04-23 10:40:01.653,Triste,39.0,82.0,17.66
39.0,92.0,18.33,2025-04-23 10:50:01.668,Triste,40.0,87.0,18.11
39.0,90.0,18.52,2025-04-23 11:00:01.684,Triste,40.0,84.0,18.05
39.0,82.0,18.38,2025-04-23 11:10:01.699,Triste,41.0,85.0,18.16
39.0,87.0,18.13,2025-04-23 11:20:01.714,Triste,41.0,88.0,18.41
39.0,87.0,18.49,2025-04-23 11:30:01.729,Triste,41.0,86.0,18.63
39.0,96.0,18.93,2025-04-23 11:40:01.744,Triste,42.0,87.0,18.82
39.0,92.0,18.96,2025-04-23 11:50:01.759,Triste,42.0,83.0,18.96
39.0,91.0,19.17,2025-04-23 12:00:01.774,Triste,43.0,82.0,19.15
39.0,96.0,19.61,2025-04-23 12:10:01.789,Triste,43.0,80.0,19.23
39.0,98.0,19.98,2025-04-23 12:20:01.804,Triste,43.0,83.0,19.25
39.0,100.0,20.49,2025-04-23 12:30:01.819,Triste,43.0,83.0,19.42
39.0,100.0,20.2,2025-04-23 12:40:01.834,Triste,43.0,88.0,19.42
40.0,95.0,20.49,2025-04-23 12:50:01.850,Triste,43.0,85.0,19.55
39.0,91.0,20.52,2025-04-23 13:00:01.865,Triste,43.0,86.0,19.63
40.0,100.0,21.39,2025-04-23 13:10:01.880,Triste,44.0,86.0,19.79
40.0,100.0,21.52,2025-04-23 13:20:01.895,Triste,44.0,86.0,19.74
40.0,96.0,22.04,2025-04-23 13:30:01.910,Triste,44.0,87.0,19.82
40.0,99.0,21.7,2025-04-23 13:40:01.925,Triste,44.0,85.0,20.09
41.0,100.0,22.59,2025-04-23 13:50:01.940,Triste,44.0,85.0,20.36
41.0,100.0,22.61,2025-04-23 14:00:01.955,Triste,44.0,86.0,20.46
41.0,99.0,22.2,2025-04-23 14:10:01.970,Triste,44.0,86.0,20.52
41.0,97.0,21.91,2025-04-23 14:20:01.985,Triste,44.0,86.0,20.7
41.0,97.0,21.99,2025-04-23 14:30:02.000,Triste,44.0,86.0,20.86
42.0,100.0,22.9,2025-04-23 14:40:02.015,Triste,45.0,86.0,20.94
42.0,97.0,22.23,2025-04-23 14:50:02.031,Triste,45.0,85.0,20.91
42.0,99.0,22.17,2025-04-23 15:00:02.046,Triste,45.0,85.0,21.02
42.0,92.0,21.86,2025-04-23 15:10:02.061,Triste,45.0,89.0,21.12
41.0,99.0,22.2,2025-04-23 15:20:02.076,Triste,45.0,90.0,21.36
41.0,94.0,22.15,2025-04-23 15:30:02.091,Triste,45.0,91.0,21.36
41.0,93.0,22.09,2025-04-23 15:40:02.106,Triste,45.0,92.0,21.34
41.0,97.0,22.15,2025-04-23 15:50:02.121,Triste,45.0,91.0,21.34
42.0,94.0,22.82,2025-04-23 16:00:02.136,Triste,46.0,94.0,21.39
42.0,92.0,22.25,2025-04-23 16:10:02.151,Triste,46.0,95.0,21.28
41.0,100.0,23.8,2025-04-23 16:20:02.166,Triste,46.0,95.0,21.34
43.0,100.0,23.98,2025-04-23 16:30:02.181,Triste,46.0,96.0,21.36
43.0,89.0,22.2,2025-04-23 16:40:02.196,Triste,46.0,100.0,21.76
43.0,86.0,22.23,2025-04-23 16:50:02.212,Triste,46.0,100.0,23.05
41.0,91.0,22.2,2025-04-23 17:00:02.227,Triste,46.0,100.0,21.91
41.0,87.0,22.33,2025-04-23 17:10:02.242,Triste,46.0,100.0,21.62
41.0,81.0,22.04,2025-04-23 17:20:02.257,Triste,46.0,93.0,21.36
41.0,69.0,21.6,2025-04-23 17:30:02.272,Triste,46.0,89.0,21.12
40.0,56.0,21.34,2025-04-23 17:40:02.287,Triste,46.0,89.0,20.54
40.0,38.0,21.12,2025-04-23 17:50:02.302,Triste,46.0,88.0,20.54
40.0,26.0,20.78,2025-04-23 18:00:02.317,Triste,46.0,88.0,20.65
40.0,6.0,20.6,2025-04-23 18:10:02.332,Triste,46.0,84.0,20.38
40.0,1.0,20.52,2025-04-23 18:20:02.347,Triste,46.0,81.0,20.09
40.0,-4.0,20.17,2025-04-23 18:30:02.362,Triste,46.0,80.0,19.85
40.0,-5.0,20.12,2025-04-23 18:40:02.377,Triste,46.0,74.0,19.66
39.0,-5.0,19.9,2025-04-23 18:50:02.393,Triste,46.0,60.0,19.66
39.0,-5.0,19.69,2025-04-23 19:00:02.408,Triste,46.0,31.0,19.25
39.0,-5.0,19.66,2025-04-23 19:10:02.423,Triste,45.0,5.0,19.2
39.0,-5.0,19.15,2025-04-23 19:20:02.438,Triste,45.0,-14.0,18.9
39.0,-5.0,19.28,2025-04-23 19:30:02.453,Triste,45.0,-16.0,19.09
39.0,-5.0,18.41,2025-04-23 19:40:02.468,Triste,45.0,-16.0,18.82
39.0,-5.0,18.55,2025-04-23 19:50:02.483,Triste,45.0,-16.0,19.23
39.0,-5.0,18.93,2025-04-23 20:00:02.498,Triste,45.0,-16.0,19.25
39.0,-5.0,19.12,2025-04-23 20:10:02.513,Triste,45.0,-16.0,19.23
38.0,-5.0,18.74,2025-04-23 20:20:02.528,Triste,45.0,-16.0,19.34
38.0,-5.0,18.66,2025-04-23 20:30:02.543,Triste,44.0,-16.0,19.36
38.0,-5.0,18.27,2025-04-23 20:40:02.558,Triste,44.0,-16.0,19.31
38.0,-3.0,18.52,2025-04-23 20:50:02.574,Triste,45.0,-16.0,19.36
38.0,-4.0,18.49,2025-04-23 21:00:02.589,Triste,45.0,-16.0,19.31
38.0,-3.0,18.16,2025-04-23 21:10:02.604,Triste,44.0,-16.0,19.34
38.0,-5.0,17.16,2025-04-23 21:20:02.619,Triste,45.0,-16.0,19.25
38.0,-5.0,17.89,2025-04-23 21:30:02.634,Triste,44.0,-16.0,19.25
38.0,-5.0,17.11,2025-04-23 21:40:02.649,Triste,44.0,-16.0,19.23
38.0,-5.0,17.44,2025-04-23 21:50:02.664,Triste,44.0,-16.0,19.25
38.0,-5.0,17.16,2025-04-23 22:00:02.679,Triste,44.0,-16.0,19.23
38.0,-5.0,16.15,2025-04-23 22:10:02.694,Triste,44.0,-16.0,19.23
38.0,-5.0,17.02,2025-04-23 22:20:02.709,Triste,44.0,-16.0,19.17
37.0,-5.0,16.99,2025-04-23 22:30:02.724,Triste,44.0,-15.0,19.23
37.0,-5.0,16.4,2025-04-23 22:40:02.739,Triste,44.0,-16.0,19.23
37.0,-5.0,16.26,2025-04-23 22:50:02.755,Triste,44.0,-9.0,19.23
37.0,-5.0,15.75,2025-04-23 23:00:02.770,Triste,44.0,-10.0,19.25
37.0,-5.0,15.52,2025-04-23 23:10:02.785,Triste,44.0,-6.0,19.36
37.0,-5.0,15.8,2025-04-23 23:20:02.800,Triste,44.0,-9.0,19.36
37.0,-5.0,15.69,2025-04-23 23:30:02.815,Triste,44.0,-9.0,19.42
37.0,-5.0,15.92,2025-04-23 23:40:02.830,Triste,44.0,-11.0,19.58
36.0,-5.0,15.66,2025-04-23 23:50:02.845,Triste,44.0,-10.0,19.58
36.0,-5.0,16.03,2025-04-24 00:00:02.860,Triste,48.0,-14.0,18.82
36.0,-5.0,15.11,2025-04-24 00:10:02.875,Triste,43.0,0.0,17.02
36.0,-5.0,15.29,2025-04-24 00:20:02.890,Triste,42.0,0.0,16.66
36.0,-5.0,15.05,2025-04-24 00:30:02.905,Triste,41.0,-2.0,16.6
36.0,-5.0,14.85,2025-04-24 00:40:02.920,Triste,42.0,-2.0,16.4
35.0,-5.0,15.2,2025-04-24 00:50:02.936,Triste,42.0,-2.0,16.12
35.0,-5.0,15.2,2025-04-24 01:00:02.951,Triste,42.0,-2.0,16.12
36.0,-5.0,15.37,2025-04-24 01:10:02.966,Triste,42.0,-2.0,15.98
35.0,-5.0,14.2,2025-04-24 01:20:02.981,Triste,41.0,-1.0,16.06
35.0,-5.0,14.47,2025-04-24 01:30:02.996,Triste,41.0,-1.0,16.26
35.0,-5.0,13.94,2025-04-24 01:40:03.011,Triste,41.0,-1.0,16.18
35.0,-5.0,14.03,2025-04-24 01:50:03.026,Triste,41.0,-1.0,16.77
35.0,-5.0,14.26,2025-04-24 02:00:03.041,Triste,41.0,-1.0,16.69
35.0,-5.0,13.82,2025-04-24 02:10:03.056,Triste,41.0,-1.0,16.77
35.0,-5.0,13.79,2025-04-24 02:20:03.071,Triste,41.0,-1.0,16.88
35.0,-5.0,14.0,2025-04-24 02:30:03.086,Triste,41.0,-1.0,16.97
35.0,-5.0,13.79,2025-04-24 02:40:03.101,Triste,41.0,-2.0,16.74
35.0,-5.0,13.37,2025-04-24 02:50:03.117,Triste,41.0,-1.0,16.71
35.0,-5.0,13.7,2025-04-24 03:00:03.132,Triste,40.0,-1.0,16.77
34.0,-5.0,12.86,2025-04-24 03:10:03.147,Triste,40.0,-1.0,16.97
34.0,-5.0,13.52,2025-04-24 03:20:03.162,Triste,40.0,-1.0,17.02
34.0,-5.0,13.25,2025-04-24 03:30:03.177,Triste,40.0,-1.0,16.85
34.0,-5.0,13.73,2025-04-24 03:40:03.192,Triste,40.0,-1.0,16.6
34.0,-5.0,13.76,2025-04-24 03:50:03.207,Triste,40.0,-1.0,16.52
34.0,-5.0,13.49,2025-04-24 04:00:03.222,Triste,40.0,-1.0,16.66
34.0,-5.0,14.0,2025-04-24 04:10:03.237,Triste,40.0,-1.0,16.52
34.0,-5.0,13.55,2025-04-24 04:20:03.252,Triste,40.0,-1.0,16.4
34.0,-5.0,13.46,2025-04-24 04:30:03.267,Triste,40.0,-1.0,16.63
34.0,-5.0,13.49,2025-04-24 04:40:03.283,Triste,40.0,-1.0,16.54
34.0,-5.0,13.31,2025-04-24 04:50:03.298,Triste,40.0,-1.0,16.32
33.0,-5.0,13.85,2025-04-24 05:00:03.313,Triste,40.0,-1.0,16.23
33.0,-5.0,13.34,2025-04-24 05:10:03.328,Triste,40.0,-1.0,16.26
33.0,-5.0,13.13,2025-04-24 05:20:03.343,Triste,40.0,-1.0,16.37
33.0,-5.0,13.28,2025-04-24 05:30:03.358,Triste,39.0,-1.0,16.4
33.0,-5.0,13.4,2025-04-24 05:40:03.373,Triste,39.0,-1.0,16.4
33.0,-5.0,12.92,2025-04-24 05:50:03.388,Triste,39.0,-1.0,16.43
33.0,-5.0,13.49,2025-04-24 06:00:03.403,Triste,39.0,-1.0,16.12
33.0,-5.0,12.98,2025-04-24 06:10:03.418,Triste,39.0,-1.0,16.23
33.0,-5.0,12.34,2025-04-24 06:20:03.433,Triste,39.0,-1.0,15.86
33.0,-5.0,12.92,2025-04-24 06:30:03.448,Triste,39.0,-1.0,16.18
33.0,-5.0,12.67,2025-04-24 06:40:03.464,Triste,39.0,-1.0,16.23
32.0,-5.0,12.98,2025-04-24 06:50:03.479,Triste,39.0,-1.0,16.4
33.0,-3.0,12.55,2025-04-24 07:00:03.494,Triste,39.0,-1.0,16.12
33.0,3.0,12.55,2025-04-24 07:10:03.509,Triste,39.0,-1.0,16.29
78.0,12.0,13.31,2025-04-24 07:20:03.524,Triste,39.0,-1.0,16.15
77.0,20.0,13.28,2025-04-24 07:30:03.539,Triste,39.0,-1.0,16.0
82.0,-11.0,18.11,2025-04-24 07:33:00.601,Muy Triste,39.0,-1.0,16.12
73.0,-16.0,20.14,2025-04-24 07:43:00.617,Muy Triste,39.0,-1.0,15.69
71.0,-16.0,20.52,2025-04-24 07:53:00.632,Muy Triste,39.0,0.0,16.0
70.0,-16.0,20.75,2025-04-24 08:03:00.647,Muy Triste,39.0,10.0,15.66
70.0,-16.0,20.86,2025-04-24 08:13:00.662,Muy Triste,39.0,19.0,15.66
70.0,-16.0,20.94,2025-04-24 08:23:00.677,Muy Triste,39.0,32.0,15.6
69.0,-16.0,20.99,2025-04-24 08:33:00.693,Muy Triste,38.0,49.0,15.4
69.0,-16.0,21.05,2025-04-24 08:43:00.708,Muy Triste,38.0,60.0,15.75
69.0,-16.0,21.1,2025-04-24 08:53:00.723,Muy Triste,38.0,62.0,15.66
69.0,-16.0,21.12,2025-04-24 09:03:00.738,Muy Triste,38.0,70.0,15.69
69.0,-16.0,21.1,2025-04-24 09:13:00.753,Muy Triste,39.0,64.0,16.15
69.0,-16.0,21.23,2025-04-24 09:23:00.768,Muy Triste,38.0,69.0,16.0
70.0,-16.0,21.1,2025-04-24 09:33:00.783,Muy Triste,38.0,78.0,16.2
70.0,-16.0,21.31,2025-04-24 09:43:00.798,Muy Triste,38.0,77.0,16.43
70.0,-16.0,21.34,2025-04-24 09:53:00.813,Muy Triste,38.0,84.0,16.26
71.0,-16.0,21.36,2025-04-24 10:03:00.828,Muy Triste,39.0,82.0,16.6
71.0,-16.0,21.36,2025-04-24 10:13:00.843,Muy Triste,38.0,85.0,16.43
71.0,-16.0,21.36,2025-04-24 10:23:00.858,Muy Triste,39.0,84.0,16.83
71.0,-16.0,21.39,2025-04-24 10:33:00.874,Muy Triste,39.0,85.0,16.99
71.0,-16.0,21.44,2025-04-24 10:43:00.889,Muy Triste,38.0,86.0,17.78
71.0,-16.0,21.39,2025-04-24 10:53:00.904,Muy Triste,38.0,89.0,17.36
72.0,-16.0,21.41,2025-04-24 11:03:00.919,Muy Triste,39.0,86.0,17.41
72.0,-16.0,21.47,2025-04-24 11:13:00.934,Muy Triste,39.0,86.0,17.44
72.0,-16.0,21.49,2025-04-24 11:23:00.949,Muy Triste,39.0,87.0,17.86
72.0,-16.0,21.52,2025-04-24 11:33:00.964,Muy Triste,39.0,90.0,18.08
72.0,-16.0,21.44,2025-04-24 11:43:00.979,Muy Triste,39.0,92.0,18.33
72.0,-16.0,21.49,2025-04-24 11:53:00.994,Muy Triste,39.0,90.0,18.52
72.0,-16.0,21.52,2025-04-24 12:03:01.009,Muy Triste,39.0,82.0,18.38
72.0,-16.0,21.55,2025-04-24 12:13:01.024,Muy Triste,39.0,87.0,18.13
72.0,-16.0,21.55,2025-04-24 12:23:01.040,Muy Triste,39.0,87.0,18.49
72.0,-16.0,21.52,2025-04-24 12:33:01.055,Muy Triste,39.0,96.0,18.93
72.0,-16.0,21.57,2025-04-24 12:43:01.070,Muy Triste,39.0,92.0,18.96
72.0,-16.0,21.55,2025-04-24 12:53:01.085,Muy Triste,39.0,91.0,19.17
72.0,-16.0,21.6,2025-04-24 13:03:01.100,Muy Triste,39.0,96.0,19.61
72.0,-16.0,21.62,2025-04-24 13:13:01.115,Muy Triste,39.0,98.0,19.98
72.0,-16.0,21.55,2025-04-24 13:23:01.130,Muy Triste,39.0,100.0,20.49
72.0,-16.0,21.65,2025-04-24 13:33:01.145,Muy Triste,39.0,100.0,20.2
72.0,-16.0,21.62,2025-04-24 13:43:01.160,Muy Triste,40.0,95.0,20.49
72.0,-16.0,21.65,2025-04-24 13:53:01.175,Muy Triste,39.0,91.0,20.52
72.0,-16.0,21.65,2025-04-24 14:03:01.190,Muy Triste,40.0,100.0,21.39
72.0,-16.0,21.65,2025-04-24 14:13:01.206,Muy Triste,40.0,100.0,21.52
72.0,-16.0,21.7,2025-04-24 14:23:01.221,Muy Triste,40.0,96.0,22.04
72.0,-16.0,21.73,2025-04-24 14:33:01.236,Muy Triste,40.0,99.0,21.7
72.0,-16.0,21.7,2025-04-24 14:43:01.251,Muy Triste,41.0,100.0,22.59
72.0,-16.0,21.7,2025-04-24 14:53:01.266,Muy Triste,41.0,100.0,22.61
72.0,-16.0,21.76,2025-04-24 15:03:01.281,Muy Triste,41.0,99.0,22.2
72.0,-16.0,21.78,2025-04-24 15:13:01.296,Muy Triste,41.0,97.0,21.91
72.0,-16.0,21.83,2025-04-24 15:23:01.311,Muy Triste,41.0,97.0,21.99
72.0,-16.0,21.86,2025-04-24 15:33:01.326,Muy Triste,42.0,100.0,22.9
72.0,-16.0,21.83,2025-04-24 15:43:01.341,Muy Triste,42.0,97.0,22.23
72.0,-16.0,21.91,2025-04-24 15:53:01.356,Muy Triste,42.0,99.0,22.17
72.0,-16.0,21.96,2025-04-24 16:03:01.371,Muy Triste,42.0,92.0,21.86
72.0,-16.0,22.02,2025-04-24 16:13:01.387,Muy Triste,41.0,99.0,22.2
72.0,-16.0,22.07,2025-04-24 16:23:01.403,Muy Triste,41.0,94.0,22.15
72.0,-16.0,22.07,2025-04-24 16:33:01.418,Muy Triste,41.0,93.0,22.09
72.0,-16.0,22.12,2025-04-24 16:43:01.433,Muy Triste,41.0,97.0,22.15
72.0,-16.0,22.15,2025-04-24 16:53:01.448,Muy Triste,42.0,94.0,22.82
72.0,-16.0,22.17,2025-04-24 17:03:01.463,Muy Triste,42.0,92.0,22.25
72.0,-16.0,22.17,2025-04-24 17:13:01.478,Muy Triste,41.0,100.0,23.8
72.0,-16.0,22.17,2025-04-24 17:23:01.493,Muy Triste,43.0,100.0,23.98
72.0,-16.0,22.17,2025-04-24 17:33:01.508,Muy Triste,43.0,89.0,22.2
72.0,-16.0,22.2,2025-04-24 17:43:01.523,Muy Triste,43.0,86.0,22.23
72.0,-16.0,22.17,2025-04-24 17:53:01.538,Muy Triste,41.0,91.0,22.2
72.0,-16.0,22.17,2025-04-24 18:03:01.554,Muy Triste,41.0,87.0,22.33
72.0,-16.0,22.15,2025-04-24 18:13:01.569,Muy Triste,41.0,81.0,22.04
72.0,-16.0,22.15,2025-04-24 18:23:01.584,Muy Triste,41.0,69.0,21.6
71.0,-16.0,22.2,2025-04-24 18:33:01.599,Muy Triste,40.0,56.0,21.34
71.0,-16.0,22.17,2025-04-24 18:43:01.614,Muy Triste,40.0,38.0,21.12
72.0,-16.0,22.12,2025-04-24 18:53:01.629,Muy Triste,40.0,26.0,20.78
72.0,-16.0,22.15,2025-04-24 19:03:01.644,Muy Triste,40.0,6.0,20.6
72.0,-16.0,22.07,2025-04-24 19:13:01.659,Muy Triste,40.0,1.0,20.52
72.0,-16.0,22.04,2025-04-24 19:23:01.674,Muy Triste,40.0,-4.0,20.17
72.0,-16.0,22.04,2025-04-24 19:33:01.689,Muy Triste,40.0,-5.0,20.12
72.0,-16.0,22.02,2025-04-24 19:43:01.704,Muy Triste,39.0,-5.0,19.9
72.0,-16.0,21.99,2025-04-24 19:53:01.719,Muy Triste,39.0,-5.0,19.69
72.0,-16.0,21.94,2025-04-24 20:03:01.735,Muy Triste,39.0,-5.0,19.66
71.0,-16.0,21.94,2025-04-24 20:13:01.751,Muy Triste,39.0,-5.0,19.15
72.0,-16.0,21.91,2025-04-24 20:23:01.766,Muy Triste,39.0,-5.0,19.28
71.0,-16.0,21.89,2025-04-24 20:33:01.781,Muy Triste,39.0,-5.0,18.41
72.0,-16.0,21.86,2025-04-24 20:43:01.796,Muy Triste,39.0,-5.0,18.55
71.0,-16.0,21.83,2025-04-24 20:53:01.811,Muy Triste,39.0,-5.0,18.93
71.0,-16.0,21.81,2025-04-24 21:03:01.826,Muy Triste,39.0,-5.0,19.12
71.0,-16.0,21.86,2025-04-24 21:13:01.841,Muy Triste,38.0,-5.0,18.74
71.0,-16.0,21.83,2025-04-24 21:23:01.856,Muy Triste,38.0,-5.0,18.66
71.0,-16.0,21.78,2025-04-24 21:33:01.871,Muy Triste,38.0,-5.0,18.27
71.0,-16.0,21.78,2025-04-24 21:43:01.886,Muy Triste,38.0,-3.0,18.52
71.0,-16.0,21.78,2025-04-24 21:53:01.902,Muy Triste,38.0,-4.0,18.49
76.0,6.0,21.23,2025-04-24 22:02:00.603,Triste,38.0,-3.0,18.16
67.0,-13.0,24.79,2025-04-24 22:12:00.619,Triste,38.0,-5.0,17.16
67.0,-13.0,25.04,2025-04-24 22:22:00.635,Triste,38.0,-5.0,17.89
67.0,-13.0,24.79,2025-04-24 22:32:00.650,Triste,38.0,-5.0,17.11
67.0,-13.0,24.84,2025-04-24 22:42:00.665,Triste,38.0,-5.0,17.44
67.0,-12.0,25.45,2025-04-24 22:52:00.680,Triste,38.0,-5.0,17.16
66.0,-12.0,25.5,2025-04-24 23:02:00.695,Triste,38.0,-5.0,16.15
66.0,-12.0,25.47,2025-04-24 23:12:00.710,Triste,38.0,-5.0,17.02
66.0,-11.0,25.87,2025-04-24 23:22:00.725,Triste,37.0,-5.0,16.99
66.0,-11.0,26.15,2025-04-24 23:32:00.740,Triste,37.0,-5.0,16.4
65.0,-10.0,26.37,2025-04-24 23:42:00.755,Triste,37.0,-5.0,16.26
65.0,-10.0,26.35,2025-04-24 23:52:00.771,Triste,37.0,-5.0,15.75
63.0,-7.0,28.31,2025-04-25 00:02:00.787,Triste,37.0,-5.0,15.52
63.0,-7.0,28.43,2025-04-25 00:12:00.802,Triste,37.0,-5.0,15.8
62.0,-7.0,28.36,2025-04-25 00:22:00.817,Triste,37.0,-5.0,15.69
62.0,-7.0,28.58,2025-04-25 00:32:00.832,Triste,37.0,-5.0,15.92
62.0,-7.0,28.43,2025-04-25 00:42:00.847,Triste,36.0,-5.0,15.66
62.0,-7.0,28.58,2025-04-25 00:52:00.862,Triste,36.0,-5.0,16.03
62.0,-7.0,28.28,2025-04-25 01:02:00.877,Triste,36.0,-5.0,15.11
63.0,-8.0,27.81,2025-04-25 01:12:00.892,Triste,36.0,-5.0,15.29
63.0,-8.0,27.79,2025-04-25 01:22:00.907,Triste,36.0,-5.0,15.05
63.0,-8.0,27.74,2025-04-25 01:32:00.922,Triste,36.0,-5.0,14.85
63.0,-8.0,27.76,2025-04-25 01:42:00.937,Triste,35.0,-5.0,15.2
63.0,-8.0,27.59,2025-04-25 01:52:00.953,Triste,35.0,-5.0,15.2
63.0,-8.0,27.52,2025-04-25 02:02:00.968,Triste,36.0,-5.0,15.37
63.0,-8.0,27.39,2025-04-25 02:12:00.983,Triste,35.0,-5.0,14.2
63.0,-8.0,27.34,2025-04-25 02:22:00.998,Triste,35.0,-5.0,14.47
63.0,-8.0,27.42,2025-04-25 02:32:01.013,Triste,35.0,-5.0,13.94
63.0,-8.0,27.37,2025-04-25 02:42:01.028,Triste,35.0,-5.0,14.03
63.0,-9.0,27.12,2025-04-25 02:52:01.043,Triste,35.0,-5.0,14.26
63.0,-9.0,27.15,2025-04-25 03:02:01.058,Triste,35.0,-5.0,13.82
63.0,-9.0,27.07,2025-04-25 03:12:01.074,Triste,35.0,-5.0,13.79
63.0,-9.0,27.07,2025-04-25 03:22:01.089,Triste,35.0,-5.0,14.0
63.0,-9.0,27.05,2025-04-25 03:32:01.104,Triste,35.0,-5.0,13.79
64.0,-9.0,26.92,2025-04-25 03:42:01.119,Triste,35.0,-5.0,13.37
64.0,-9.0,26.92,2025-04-25 03:52:01.135,Triste,35.0,-5.0,13.7
64.0,-9.0,26.87,2025-04-25 04:02:01.150,Triste,34.0,-5.0,12.86
64.0,-9.0,26.85,2025-04-25 04:12:01.165,Triste,34.0,-5.0,13.52
64.0,-9.0,26.92,2025-04-25 04:22:01.181,Triste,34.0,-5.0,13.25
64.0,-9.0,26.67,2025-04-25 04:32:01.196,Triste,34.0,-5.0,13.73
64.0,-9.0,26.72,2025-04-25 04:42:01.211,Triste,34.0,-5.0,13.76
64.0,-9.0,26.65,2025-04-25 04:52:01.226,Triste,34.0,-5.0,13.49
64.0,-9.0,26.65,2025-04-25 05:02:01.241,Triste,34.0,-5.0,14.0
64.0,-9.0,26.95,2025-04-25 05:12:01.256,Triste,34.0,-5.0,13.55
63.0,-9.0,26.7,2025-04-25 05:22:01.272,Triste,34.0,-5.0,13.46
63.0,-9.0,26.75,2025-04-25 05:32:01.287,Triste,34.0,-5.0,13.49
64.0,-9.0,26.62,2025-04-25 05:42:01.302,Triste,34.0,-5.0,13.31
64.0,-9.0,26.5,2025-04-25 05:52:01.318,Triste,33.0,-5.0,13.85
64.0,-9.0,26.52,2025-04-25 06:02:01.333,Triste,33.0,-5.0,13.34
64.0,-9.0,26.52,2025-04-25 06:12:01.348,Triste,33.0,-5.0,13.13
64.0,-9.0,26.42,2025-04-25 06:22:01.363,Triste,33.0,-5.0,13.28
64.0,-9.0,26.4,2025-04-25 06:32:01.378,Triste,33.0,-5.0,13.4
64.0,-9.0,26.4,2025-04-25 06:42:01.393,Triste,33.0,-5.0,12.92
64.0,-8.0,26.4,2025-04-25 06:52:01.408,Triste,33.0,-5.0,13.49
64.0,0.0,26.35,2025-04-25 07:02:01.423,Triste,33.0,-5.0,12.98
63.0,12.0,26.4,2025-04-25 07:12:01.438,Triste,33.0,-5.0,12.34
63.0,31.0,26.42,2025-04-25 07:22:01.453,Triste,33.0,-5.0,12.92
63.0,66.0,26.7,2025-04-25 07:32:01.468,Triste,33.0,-5.0,12.67
63.0,79.0,26.85,2025-04-25 07:42:01.483,Triste,32.0,-5.0,12.98
63.0,83.0,26.95,2025-04-25 07:52:01.499,Triste,33.0,-3.0,12.55
63.0,80.0,27.07,2025-04-25 08:02:01.515,Triste,33.0,3.0,12.55
63.0,87.0,27.07,2025-04-25 08:12:01.530,Triste,78.0,12.0,13.31
63.0,90.0,27.1,2025-04-25 08:22:01.545,Triste,77.0,20.0,13.28
63.0,91.0,27.1,2025-04-25 08:32:01.560,Triste,82.0,-11.0,18.11
63.0,92.0,27.22,2025-04-25 08:42:01.575,Triste,73.0,-16.0,20.14
63.0,92.0,27.07,2025-04-25 08:52:01.590,Triste,71.0,-16.0,20.52
63.0,92.0,27.42,2025-04-25 09:02:01.605,Triste,70.0,-16.0,20.75
62.0,92.0,27.74,2025-04-25 09:12:01.620,Triste,70.0,-16.0,20.86
62.0,92.0,27.86,2025-04-25 09:22:01.635,Triste,70.0,-16.0,20.94
62.0,92.0,27.81,2025-04-25 09:32:01.650,Triste,69.0,-16.0,20.99
63.0,91.0,27.72,2025-04-25 09:42:01.665,Triste,69.0,-16.0,21.05
63.0,90.0,27.64,2025-04-25 09:52:01.681,Triste,69.0,-16.0,21.1
63.0,89.0,27.74,2025-04-25 10:02:01.697,Triste,69.0,-16.0,21.12
63.0,88.0,27.69,2025-04-25 10:12:01.712,Triste,69.0,-16.0,21.1
63.0,88.0,27.69,2025-04-25 10:22:01.728,Triste,69.0,-16.0,21.23
63.0,86.0,27.44,2025-04-25 10:32:01.743,Triste,70.0,-16.0,21.1
63.0,85.0,27.34,2025-04-25 10:42:01.758,Triste,70.0,-16.0,21.31
63.0,83.0,27.42,2025-04-25 10:52:01.773,Triste,70.0,-16.0,21.34
63.0,82.0,27.52,2025-04-25 11:02:01.788,Triste,71.0,-16.0,21.36
63.0,80.0,27.86,2025-04-25 11:12:01.803,Triste,71.0,-16.0,21.36
62.0,79.0,28.14,2025-04-25 11:22:01.818,Triste,71.0,-16.0,21.36
62.0,77.0,28.58,2025-04-25 11:32:01.833,Triste,71.0,-16.0,21.39
62.0,76.0,28.33,2025-04-25 11:42:01.849,Triste,71.0,-16.0,21.44
62.0,74.0,28.6,2025-04-25 11:52:01.865,Triste,71.0,-16.0,21.39
62.0,72.0,28.6,2025-04-25 12:02:01.881,Triste,72.0,-16.0,21.41
62.0,70.0,28.7,2025-04-25 12:12:01.896,Triste,72.0,-16.0,21.47
61.0,69.0,28.82,2025-04-25 12:22:01.911,Triste,72.0,-16.0,21.49
61.0,68.0,28.97,2025-04-25 12:32:01.927,Triste,72.0,-16.0,21.52
61.0,68.0,28.97,2025-04-25 12:42:01.942,Triste,72.0,-16.0,21.44
61.0,67.0,29.36,2025-04-25 12:52:01.957,Triste,72.0,-16.0,21.49
58.0,69.0,31.34,2025-04-25 13:02:01.972,Triste,72.0,-16.0,21.52
58.0,64.0,31.36,2025-04-25 13:12:01.987,Triste,72.0,-16.0,21.55
59.0,62.0,31.17,2025-04-25 13:22:02.002,Triste,72.0,-16.0,21.55
73.0,90.0,23.67,2025-04-25 16:23:00.605,Normal,72.0,-16.0,21.52
68.0,60.0,23.85,2025-04-25 16:33:00.621,Normal,72.0,-16.0,21.57
68.0,62.0,24.0,2025-04-25 16:43:00.637,Normal,72.0,-16.0,21.55
67.0,67.0,25.02,2025-04-25 16:53:00.652,Normal,72.0,-16.0,21.6
67.0,57.0,24.41,2025-04-25 17:03:00.667,Normal,72.0,-16.0,21.62
67.0,49.0,24.51,2025-04-25 17:13:00.682,Normal,72.0,-16.0,21.55
67.0,41.0,24.33,2025-04-25 17:23:00.697,Normal,72.0,-16.0,21.65
67.0,39.0,24.26,2025-04-25 17:33:00.712,Normal,72.0,-16.0,21.62
67.0,38.0,24.03,2025-04-25 17:43:00.728,Normal,72.0,-16.0,21.65
67.0,20.0,23.98,2025-04-25 17:53:00.743,Normal,72.0,-16.0,21.65
67.0,2.0,23.77,2025-04-25 18:03:00.758,Normal,72.0,-16.0,21.65
67.0,-9.0,23.47,2025-04-25 18:13:00.773,Normal,72.0,-16.0,21.7
67.0,-15.0,23.39,2025-04-25 18:23:00.788,Normal,72.0,-16.0,21.73
67.0,-16.0,23.31,2025-04-25 18:33:00.804,Normal,72.0,-16.0,21.7
67.0,-16.0,22.9,2025-04-25 18:43:00.820,Normal,72.0,-16.0,21.7
66.0,-16.0,22.77,2025-04-25 18:53:00.836,Normal,72.0,-16.0,21.76
66.0,-16.0,22.48,2025-04-25 19:03:00.851,Normal,72.0,-16.0,21.78
66.0,-16.0,21.96,2025-04-25 19:13:00.866,Normal,72.0,-16.0,21.83
66.0,-16.0,22.02,2025-04-25 19:23:00.881,Normal,72.0,-16.0,21.86
66.0,-16.0,22.61,2025-04-25 19:33:00.896,Normal,72.0,-16.0,21.83
66.0,-16.0,22.77,2025-04-25 19:43:00.911,Normal,72.0,-16.0,21.91
66.0,-16.0,22.9,2025-04-25 19:53:00.926,Normal,72.0,-16.0,21.96
66.0,-16.0,22.9,2025-04-25 20:03:00.941,Normal,72.0,-16.0,22.02
65.0,-16.0,22.95,2025-04-25 20:13:00.956,Normal,72.0,-16.0,22.07
65.0,-16.0,22.95,2025-04-25 20:23:00.971,Normal,72.0,-16.0,22.07
65.0,-16.0,22.85,2025-04-25 20:33:00.987,Normal,72.0,-16.0,22.12
65.0,-16.0,22.85,2025-04-25 20:43:01.003,Normal,72.0,-16.0,22.15
65.0,-16.0,22.38,2025-04-25 20:53:01.018,Normal,72.0,-16.0,22.17
65.0,-16.0,22.09,2025-04-25 21:03:01.033,Normal,72.0,-16.0,22.17
65.0,-16.0,22.15,2025-04-25 21:13:01.048,Normal,72.0,-16.0,22.17
65.0,-16.0,21.91,2025-04-25 21:23:01.063,Normal,72.0,-16.0,22.17
65.0,-16.0,22.12,2025-04-25 21:33:01.078,Normal,72.0,-16.0,22.2
65.0,-16.0,21.78,2025-04-25 21:43:01.093,Normal,72.0,-16.0,22.17
65.0,-16.0,21.76,2025-04-25 21:53:01.108,Normal,72.0,-16.0,22.17
64.0,-16.0,21.76,2025-04-25 22:03:01.123,Normal,72.0,-16.0,22.15
64.0,-16.0,21.99,2025-04-25 22:13:01.138,Normal,72.0,-16.0,22.15
64.0,-16.0,22.43,2025-04-25 22:23:01.154,Normal,71.0,-16.0,22.2
65.0,-16.0,22.23,2025-04-25 22:33:01.170,Normal,71.0,-16.0,22.17
65.0,-16.0,22.2,2025-04-25 22:43:01.185,Normal,72.0,-16.0,22.12
65.0,-16.0,22.46,2025-04-25 22:53:01.200,Normal,72.0,-16.0,22.15
65.0,-16.0,22.51,2025-04-25 23:03:01.215,Normal,72.0,-16.0,22.07
65.0,-16.0,22.59,2025-04-25 23:13:01.230,Normal,72.0,-16.0,22.04
65.0,-16.0,22.56,2025-04-25 23:23:01.245,Normal,72.0,-16.0,22.04
65.0,-16.0,22.48,2025-04-25 23:33:01.260,Normal,72.0,-16.0,22.02
65.0,-16.0,22.54,2025-04-25 23:43:01.276,Normal,72.0,-16.0,21.99
65.0,-16.0,22.61,2025-04-25 23:53:01.291,Normal,72.0,-16.0,21.94
65.0,-16.0,22.67,2025-04-26 00:03:01.306,Normal,71.0,-16.0,21.94
65.0,-16.0,22.77,2025-04-26 00:13:01.321,Normal,72.0,-16.0,21.91
65.0,-16.0,22.77,2025-04-26 00:23:01.337,Normal,71.0,-16.0,21.89
64.0,-16.0,23.11,2025-04-26 00:33:01.353,Normal,72.0,-16.0,21.86
64.0,-16.0,23.52,2025-04-26 00:43:01.368,Normal,71.0,-16.0,21.83
64.0,-16.0,23.62,2025-04-26 00:53:01.384,Normal,71.0,-16.0,21.81
64.0,-16.0,23.59,2025-04-26 01:03:01.399,Normal,71.0,-16.0,21.86
64.0,-16.0,23.62,2025-04-26 01:13:01.414,Normal,71.0,-16.0,21.83
64.0,-16.0,23.62,2025-04-26 01:23:01.429,Normal,71.0,-16.0,21.78
64.0,-16.0,23.59,2025-04-26 01:33:01.444,Normal,71.0,-16.0,21.78
64.0,-16.0,23.59,2025-04-26 01:43:01.459,Normal,71.0,-16.0,21.78
64.0,-16.0,23.59,2025-04-26 01:53:01.474,Normal,76.0,6.0,21.23
64.0,-16.0,23.62,2025-04-26 02:03:01.489,Normal,67.0,-13.0,24.79
64.0,-16.0,23.62,2025-04-26 02:13:01.505,Normal,67.0,-13.0,25.04
64.0,-16.0,23.62,2025-04-26 02:23:01.521,Normal,67.0,-13.0,24.79
64.0,-16.0,23.62,2025-04-26 02:33:01.536,Normal,67.0,-13.0,24.84
64.0,-16.0,23.57,2025-04-26 02:43:01.551,Normal,67.0,-12.0,25.45
64.0,-16.0,23.64,2025-04-26 02:53:01.566,Normal,66.0,-12.0,25.5
64.0,-16.0,23.59,2025-04-26 03:03:01.581,Normal,66.0,-12.0,25.47
64.0,-16.0,23.54,2025-04-26 03:13:01.596,Normal,66.0,-11.0,25.87
64.0,-15.0,23.59,2025-04-26 03:23:01.611,Normal,66.0,-11.0,26.15
64.0,-16.0,23.57,2025-04-26 03:33:01.626,Normal,65.0,-10.0,26.37
64.0,-16.0,23.57,2025-04-26 03:43:01.641,Normal,65.0,-10.0,26.35
64.0,-16.0,23.62,2025-04-26 03:53:01.656,Normal,63.0,-7.0,28.31
64.0,-16.0,23.62,2025-04-26 04:03:01.671,Normal,63.0,-7.0,28.43
64.0,-16.0,23.62,2025-04-26 04:13:01.687,Normal,62.0,-7.0,28.36
64.0,-16.0,23.64,2025-04-26 04:23:01.703,Normal,62.0,-7.0,28.58
64.0,-16.0,23.7,2025-04-26 04:33:01.718,Normal,62.0,-7.0,28.43
64.0,-16.0,23.72,2025-04-26 04:43:01.733,Normal,62.0,-7.0,28.58
64.0,-16.0,23.59,2025-04-26 04:53:01.748,Normal,62.0,-7.0,28.28
64.0,-16.0,23.57,2025-04-26 05:03:01.763,Normal,63.0,-8.0,27.81
64.0,-16.0,23.57,2025-04-26 05:13:01.778,Normal,63.0,-8.0,27.79
64.0,-16.0,23.54,2025-04-26 05:23:01.793,Normal,63.0,-8.0,27.74
64.0,-16.0,23.59,2025-04-26 05:33:01.808,Normal,63.0,-8.0,27.76
64.0,-16.0,23.57,2025-04-26 05:43:01.824,Normal,63.0,-8.0,27.59
64.0,-16.0,23.59,2025-04-26 05:53:01.839,Normal,63.0,-8.0,27.52
64.0,-16.0,23.52,2025-04-26 06:03:01.855,Normal,63.0,-8.0,27.39
64.0,-16.0,23.59,2025-04-26 06:13:01.871,Normal,63.0,-8.0,27.34
64.0,-16.0,23.52,2025-04-26 06:23:01.886,Normal,63.0,-8.0,27.42
64.0,-16.0,23.52,2025-04-26 06:33:01.901,Normal,63.0,-8.0,27.37
64.0,-16.0,23.49,2025-04-26 06:43:01.916,Normal,63.0,-9.0,27.12
64.0,-16.0,23.49,2025-04-26 06:53:01.932,Normal,63.0,-9.0,27.15
64.0,-15.0,23.49,2025-04-26 07:03:01.947,Normal,63.0,-9.0,27.07
64.0,-14.0,23.54,2025-04-26 07:13:01.962,Normal,63.0,-9.0,27.07
64.0,-10.0,23.47,2025-04-26 07:23:01.977,Normal,63.0,-9.0,27.05
64.0,2.0,23.49,2025-04-26 07:33:01.992,Normal,64.0,-9.0,26.92
64.0,-5.0,23.52,2025-04-26 07:43:02.007,Normal,64.0,-9.0,26.92
64.0,-4.0,23.49,2025-04-26 07:53:02.022,Normal,64.0,-9.0,26.87
64.0,-8.0,23.47,2025-04-26 08:03:02.038,Normal,64.0,-9.0,26.85
64.0,3.0,23.47,2025-04-26 08:13:02.054,Normal,64.0,-9.0,26.92
64.0,16.0,23.52,2025-04-26 08:23:02.069,Normal,64.0,-9.0,26.67
64.0,-3.0,23.47,2025-04-26 08:33:02.084,Normal,64.0,-9.0,26.72
63.0,42.0,23.52,2025-04-26 08:43:02.099,Normal,64.0,-9.0,26.65
64.0,66.0,23.59,2025-04-26 08:53:02.114,Normal,64.0,-9.0,26.65
63.0,71.0,23.72,2025-04-26 09:03:02.129,Normal,64.0,-9.0,26.95
63.0,91.0,23.85,2025-04-26 09:13:02.144,Normal,63.0,-9.0,26.7
63.0,70.0,23.82,2025-04-26 09:23:02.159,Normal,63.0,-9.0,26.75
63.0,89.0,23.93,2025-04-26 09:33:02.174,Normal,64.0,-9.0,26.62
64.0,87.0,23.87,2025-04-26 09:43:02.189,Normal,64.0,-9.0,26.5
64.0,87.0,23.8,2025-04-26 09:53:02.204,Normal,64.0,-9.0,26.52
64.0,86.0,23.9,2025-04-26 10:03:02.220,Normal,64.0,-9.0,26.52
63.0,85.0,23.75,2025-04-26 10:13:02.236,Normal,64.0,-9.0,26.42
63.0,77.0,23.95,2025-04-26 10:23:02.251,Normal,64.0,-9.0,26.4
64.0,82.0,24.1,2025-04-26 10:33:02.266,Normal,64.0,-9.0,26.4
64.0,81.0,24.13,2025-04-26 10:43:02.281,Normal,64.0,-8.0,26.4
64.0,80.0,23.85,2025-04-26 10:53:02.296,Normal,64.0,0.0,26.35
64.0,79.0,23.85,2025-04-26 11:03:02.311,Normal,63.0,12.0,26.4
64.0,78.0,23.72,2025-04-26 11:13:02.326,Normal,63.0,31.0,26.42
63.0,67.0,23.59,2025-04-26 11:23:02.341,Normal,63.0,66.0,26.7
63.0,74.0,23.52,2025-04-26 11:33:02.356,Normal,63.0,79.0,26.85
63.0,70.0,23.31,2025-04-26 11:43:02.372,Normal,63.0,83.0,26.95
63.0,67.0,23.62,2025-04-26 11:53:02.388,Normal,63.0,80.0,27.07
63.0,65.0,23.7,2025-04-26 12:03:02.404,Normal,63.0,87.0,27.07
63.0,64.0,23.72,2025-04-26 12:13:02.420,Normal,63.0,90.0,27.1
63.0,63.0,23.72,2025-04-26 12:23:02.435,Normal,63.0,91.0,27.1
63.0,63.0,23.75,2025-04-26 12:33:02.450,Normal,63.0,92.0,27.22
63.0,63.0,23.75,2025-04-26 12:43:02.465,Normal,63.0,92.0,27.07
63.0,62.0,23.8,2025-04-26 12:53:02.481,Normal,63.0,92.0,27.42
63.0,63.0,23.8,2025-04-26 13:03:02.496,Normal,62.0,92.0,27.74
63.0,62.0,23.72,2025-04-26 13:13:02.512,Normal,62.0,92.0,27.86
63.0,62.0,23.77,2025-04-26 13:23:02.527,Normal,62.0,92.0,27.81
63.0,61.0,23.85,2025-04-26 13:33:02.543,Normal,63.0,91.0,27.72
63.0,56.0,23.7,2025-04-26 13:43:02.558,Normal,63.0,90.0,27.64
63.0,56.0,23.72,2025-04-26 13:53:02.574,Normal,63.0,89.0,27.74
63.0,56.0,23.72,2025-04-26 14:03:02.590,Normal,63.0,88.0,27.69
63.0,55.0,23.77,2025-04-26 14:13:02.606,Normal,63.0,88.0,27.69
63.0,55.0,23.7,2025-04-26 14:23:02.622,Normal,63.0,86.0,27.44
63.0,55.0,23.7,2025-04-26 14:33:02.637,Normal,63.0,85.0,27.34
63.0,55.0,23.62,2025-04-26 14:43:02.652,Normal,63.0,83.0,27.42
63.0,53.0,23.62,2025-04-26 14:53:02.667,Normal,63.0,82.0,27.52
63.0,54.0,23.67,2025-04-26 15:03:02.682,Normal,63.0,80.0,27.86
63.0,38.0,23.85,2025-04-26 15:13:02.697,Normal,62.0,79.0,28.14
62.0,51.0,23.85,2025-04-26 15:23:02.713,Normal,62.0,77.0,28.58
62.0,51.0,23.87,2025-04-26 15:33:02.728,Normal,62.0,76.0,28.33
62.0,51.0,24.0,2025-04-26 15:43:02.744,Normal,62.0,74.0,28.6
62.0,50.0,24.03,2025-04-26 15:53:02.760,Normal,62.0,72.0,28.6
62.0,49.0,24.0,2025-04-26 16:03:02.776,Normal,62.0,70.0,28.7
62.0,49.0,24.0,2025-04-26 16:13:02.792,Normal,61.0,69.0,28.82
62.0,48.0,23.93,2025-04-26 16:23:02.807,Normal,61.0,68.0,28.97
62.0,47.0,23.93,2025-04-26 16:33:02.823,Normal,61.0,68.0,28.97
62.0,45.0,23.9,2025-04-26 16:43:02.839,Normal,61.0,67.0,29.36
62.0,44.0,23.9,2025-04-26 16:53:02.854,Normal,58.0,69.0,31.34
62.0,42.0,23.87,2025-04-26 17:03:02.870,Normal,58.0,64.0,31.36
62.0,40.0,23.87,2025-04-26 17:13:02.885,Normal,59.0,62.0,31.17
62.0,37.0,23.95,2025-04-26 17:23:02.901,Normal,73.0,90.0,23.67
62.0,33.0,23.87,2025-04-26 17:33:02.917,Normal,68.0,60.0,23.85
62.0,26.0,23.9,2025-04-26 17:43:02.933,Normal,68.0,62.0,24.0
61.0,16.0,23.85,2025-04-26 17:53:02.949,Normal,67.0,67.0,25.02
61.0,1.0,23.85,2025-04-26 18:03:02.965,Normal,67.0,57.0,24.41
61.0,-11.0,23.85,2025-04-26 18:13:02.981,Normal,67.0,49.0,24.51
61.0,-15.0,23.85,2025-04-26 18:23:02.997,Normal,67.0,41.0,24.33
66.0,-3.0,22.87,2025-04-26 18:27:00.609,Normal,67.0,39.0,24.26
60.0,-14.0,25.04,2025-04-26 18:37:00.625,Normal,67.0,38.0,24.03
60.0,-14.0,25.07,2025-04-26 18:47:00.641,Normal,67.0,20.0,23.98
60.0,-14.0,24.77,2025-04-26 18:57:00.656,Normal,67.0,2.0,23.77
60.0,1.0,24.79,2025-04-26 19:07:00.672,Normal,67.0,-9.0,23.47
60.0,-3.0,24.74,2025-04-26 19:17:00.687,Normal,67.0,-15.0,23.39
60.0,-2.0,24.69,2025-04-26 19:27:00.702,Normal,67.0,-16.0,23.31
60.0,0.0,24.64,2025-04-26 19:37:00.717,Normal,67.0,-16.0,22.9
60.0,-14.0,24.61,2025-04-26 19:47:00.733,Normal,66.0,-16.0,22.77
60.0,-15.0,24.54,2025-04-26 19:57:00.749,Normal,66.0,-16.0,22.48
60.0,-15.0,24.38,2025-04-26 20:07:00.765,Normal,66.0,-16.0,21.96
60.0,-15.0,24.41,2025-04-26 20:17:00.781,Normal,66.0,-16.0,22.02
60.0,-15.0,24.38,2025-04-26 20:27:00.797,Normal,66.0,-16.0,22.61
60.0,-15.0,24.33,2025-04-26 20:37:00.812,Normal,66.0,-16.0,22.77
60.0,-4.0,24.28,2025-04-26 20:47:00.828,Normal,66.0,-16.0,22.9
60.0,-15.0,24.26,2025-04-26 20:57:00.843,Normal,66.0,-16.0,22.9
60.0,-15.0,24.18,2025-04-26 21:07:00.859,Normal,65.0,-16.0,22.95
60.0,-15.0,24.1,2025-04-26 21:17:00.875,Normal,65.0,-16.0,22.95
60.0,-15.0,24.03,2025-04-26 21:27:00.891,Normal,65.0,-16.0,22.85
60.0,-15.0,24.08,2025-04-26 21:37:00.907,Normal,65.0,-16.0,22.85
60.0,-15.0,23.9,2025-04-26 21:47:00.923,Normal,65.0,-16.0,22.38
60.0,-15.0,23.93,2025-04-26 21:57:00.939,Normal,65.0,-16.0,22.09
60.0,-15.0,23.9,2025-04-26 22:07:00.955,Normal,65.0,-16.0,22.15
59.0,-14.0,23.9,2025-04-26 22:17:00.971,Normal,65.0,-16.0,21.91
60.0,-15.0,23.93,2025-04-26 22:27:00.986,Normal,65.0,-16.0,22.12
59.0,-12.0,23.93,2025-04-26 22:37:01.002,Normal,65.0,-16.0,21.78
59.0,-12.0,23.9,2025-04-26 22:47:01.017,Normal,65.0,-16.0,21.76
59.0,-12.0,23.85,2025-04-26 22:57:01.032,Normal,64.0,-16.0,21.76
59.0,-14.0,23.85,2025-04-26 23:07:01.048,Normal,64.0,-16.0,21.99
59.0,-15.0,23.87,2025-04-26 23:17:01.064,Normal,64.0,-16.0,22.43
59.0,-15.0,23.82,2025-04-26 23:27:01.079,Normal,65.0,-16.0,22.23
59.0,-15.0,23.85,2025-04-26 23:37:01.095,Normal,65.0,-16.0,22.2
59.0,-15.0,23.75,2025-04-26 23:47:01.111,Normal,65.0,-16.0,22.46
59.0,-15.0,23.72,2025-04-26 23:57:01.127,Normal,65.0,-16.0,22.51
59.0,-15.0,23.72,2025-04-27 00:07:01.143,Normal,65.0,-16.0,22.59
59.0,-15.0,23.7,2025-04-27 00:17:01.158,Normal,65.0,-16.0,22.56
59.0,-15.0,23.67,2025-04-27 00:27:01.174,Normal,65.0,-16.0,22.48
59.0,-15.0,23.59,2025-04-27 00:37:01.190,Normal,65.0,-16.0,22.54
59.0,-15.0,23.52,2025-04-27 00:47:01.206,Normal,65.0,-16.0,22.61
59.0,-14.0,23.57,2025-04-27 00:57:01.222,Normal,65.0,-16.0,22.67
59.0,-15.0,23.41,2025-04-27 01:07:01.237,Normal,65.0,-16.0,22.77
59.0,-15.0,23.52,2025-04-27 01:17:01.253,Normal,65.0,-16.0,22.77
59.0,-15.0,23.44,2025-04-27 01:27:01.269,Normal,64.0,-16.0,23.11
59.0,-15.0,23.41,2025-04-27 01:37:01.284,Normal,64.0,-16.0,23.52
59.0,-15.0,23.41,2025-04-27 01:47:01.300,Normal,64.0,-16.0,23.62
59.0,-15.0,23.41,2025-04-27 01:57:01.316,Normal,64.0,-16.0,23.59
59.0,-15.0,23.41,2025-04-27 02:07:01.332,Normal,64.0,-16.0,23.62
58.0,-15.0,23.36,2025-04-27 02:17:01.347,Normal,64.0,-16.0,23.62
58.0,-15.0,23.26,2025-04-27 02:27:01.363,Normal,64.0,-16.0,23.59
58.0,-15.0,23.21,2025-04-27 02:37:01.378,Normal,64.0,-16.0,23.59
58.0,-15.0,23.21,2025-04-27 02:47:01.394,Normal,64.0,-16.0,23.59
58.0,-15.0,23.18,2025-04-27 02:57:01.410,Normal,64.0,-16.0,23.62
58.0,-15.0,23.16,2025-04-27 03:07:01.425,Normal,64.0,-16.0,23.62
58.0,-15.0,23.11,2025-04-27 03:17:01.441,Normal,64.0,-16.0,23.62
58.0,-15.0,23.03,2025-04-27 03:27:01.457,Normal,64.0,-16.0,23.62
58.0,-15.0,23.05,2025-04-27 03:37:01.473,Normal,64.0,-16.0,23.57
58.0,-15.0,23.03,2025-04-27 03:47:01.489,Normal,64.0,-16.0,23.64
58.0,-15.0,23.03,2025-04-27 03:57:01.505,Normal,64.0,-16.0,23.59
58.0,-15.0,23.03,2025-04-27 04:07:01.521,Normal,64.0,-16.0,23.54
58.0,-15.0,22.95,2025-04-27 04:17:01.537,Normal,64.0,-15.0,23.59
58.0,-15.0,22.95,2025-04-27 04:27:01.553,Normal,64.0,-16.0,23.57
58.0,-15.0,22.92,2025-04-27 04:37:01.568,Normal,64.0,-16.0,23.57
58.0,-15.0,22.92,2025-04-27 04:47:01.584,Normal,64.0,-16.0,23.62
58.0,-15.0,22.82,2025-04-27 04:57:01.600,Normal,64.0,-16.0,23.62
58.0,-15.0,22.85,2025-04-27 05:07:01.615,Normal,64.0,-16.0,23.62
58.0,-15.0,22.74,2025-04-27 05:17:01.631,Normal,64.0,-16.0,23.64
58.0,-15.0,22.8,2025-04-27 05:27:01.647,Normal,64.0,-16.0,23.7
58.0,-15.0,22.77,2025-04-27 05:37:01.663,Normal,64.0,-16.0,23.72
58.0,-15.0,22.77,2025-04-27 05:47:01.679,Normal,64.0,-16.0,23.59
57.0,-15.0,22.69,2025-04-27 05:57:01.694,Normal,64.0,-16.0,23.57
57.0,-15.0,22.72,2025-04-27 06:07:01.710,Normal,64.0,-16.0,23.57
57.0,-15.0,22.72,2025-04-27 06:17:01.725,Normal,64.0,-16.0,23.54
57.0,-15.0,22.85,2025-04-27 06:27:01.740,Normal,64.0,-16.0,23.59
57.0,-15.0,22.77,2025-04-27 06:37:01.755,Normal,64.0,-16.0,23.57
57.0,-15.0,22.82,2025-04-27 06:47:01.771,Normal,64.0,-16.0,23.59
57.0,-15.0,22.87,2025-04-27 06:57:01.787,Normal,64.0,-16.0,23.52
57.0,-14.0,22.8,2025-04-27 07:07:01.803,Normal,64.0,-16.0,23.59
57.0,-13.0,22.87,2025-04-27 07:17:01.819,Normal,64.0,-16.0,23.52
56.0,-7.0,23.03,2025-04-27 07:27:01.835,Normal,64.0,-16.0,23.52
56.0,-14.0,23.03,2025-04-27 07:37:01.851,Normal,64.0,-16.0,23.49
56.0,-14.0,23.16,2025-04-27 07:47:01.866,Normal,64.0,-16.0,23.49
56.0,-14.0,23.08,2025-04-27 07:57:01.882,Normal,64.0,-15.0,23.49
56.0,-14.0,23.11,2025-04-27 08:07:01.898,Normal,64.0,-14.0,23.54
56.0,-14.0,23.05,2025-04-27 08:17:01.913,Normal,64.0,-10.0,23.47
56.0,-14.0,23.08,2025-04-27 08:27:01.929,Normal,64.0,2.0,23.49
56.0,-14.0,23.11,2025-04-27 08:37:01.945,Normal,64.0,-5.0,23.52
56.0,-14.0,23.26,2025-04-27 08:47:01.960,Normal,64.0,-4.0,23.49
55.0,-13.0,23.29,2025-04-27 08:57:01.975,Normal,64.0,-8.0,23.47
55.0,-13.0,23.44,2025-04-27 09:07:01.991,Normal,64.0,3.0,23.47
55.0,-13.0,23.47,2025-04-27 09:17:02.007,Normal,64.0,16.0,23.52
55.0,-13.0,23.54,2025-04-27 09:27:02.023,Normal,64.0,-3.0,23.47
55.0,-13.0,23.67,2025-04-27 09:37:02.039,Normal,63.0,42.0,23.52
55.0,-13.0,23.8,2025-04-27 09:47:02.055,Normal,64.0,66.0,23.59
55.0,-13.0,23.87,2025-04-27 09:57:02.071,Normal,63.0,71.0,23.72
55.0,-12.0,23.98,2025-04-27 10:07:02.086,Normal,63.0,91.0,23.85
55.0,-12.0,24.03,2025-04-27 10:17:02.102,Normal,63.0,70.0,23.82
54.0,-12.0,24.21,2025-04-27 10:27:02.117,Normal,63.0,89.0,23.93
54.0,-12.0,24.28,2025-04-27 10:37:02.133,Normal,64.0,87.0,23.87
54.0,-12.0,24.38,2025-04-27 10:47:02.149,Normal,64.0,87.0,23.8
54.0,-12.0,24.33,2025-04-27 10:57:02.165,Normal,64.0,86.0,23.9
54.0,-3.0,24.51,2025-04-27 11:07:02.181,Normal,63.0,85.0,23.75
54.0,-4.0,24.56,2025-04-27 11:17:02.197,Normal,63.0,77.0,23.95
54.0,-5.0,24.64,2025-04-27 11:27:02.213,Normal,64.0,82.0,24.1
54.0,-5.0,24.64,2025-04-27 11:37:02.229,Normal,64.0,81.0,24.13
54.0,-12.0,24.26,2025-04-27 11:47:02.245,Normal,64.0,80.0,23.85
54.0,-12.0,24.23,2025-04-27 11:57:02.261,Normal,64.0,79.0,23.85
54.0,-12.0,24.26,2025-04-27 12:07:02.277,Normal,64.0,78.0,23.72
54.0,-12.0,24.28,2025-04-27 12:17:02.293,Normal,63.0,67.0,23.59
54.0,-12.0,24.26,2025-04-27 12:27:02.308,Normal,63.0,74.0,23.52
53.0,-12.0,24.31,2025-04-27 12:37:02.323,Normal,63.0,70.0,23.31
53.0,-12.0,24.33,2025-04-27 12:47:02.339,Normal,63.0,67.0,23.62
53.0,-12.0,24.28,2025-04-27 12:57:02.355,Normal,63.0,65.0,23.7
53.0,-12.0,24.36,2025-04-27 13:07:02.371,Normal,63.0,64.0,23.72
53.0,-12.0,24.33,2025-04-27 13:17:02.387,Normal,63.0,63.0,23.72
53.0,-12.0,24.33,2025-04-27 13:27:02.403,Normal,63.0,63.0,23.75
53.0,-12.0,24.28,2025-04-27 13:37:02.419,Normal,63.0,63.0,23.75
53.0,-12.0,24.38,2025-04-27 13:47:02.435,Normal,63.0,62.0,23.8
53.0,-12.0,24.38,2025-04-27 13:57:02.451,Normal,63.0,63.0,23.8
53.0,-12.0,24.41,2025-04-27 14:07:02.467,Normal,63.0,62.0,23.72
53.0,-12.0,24.38,2025-04-27 14:17:02.482,Normal,63.0,62.0,23.77
53.0,-12.0,24.46,2025-04-27 14:27:02.498,Normal,63.0,61.0,23.85
53.0,-12.0,24.44,2025-04-27 14:37:02.513,Normal,63.0,56.0,23.7
53.0,-12.0,24.28,2025-04-27 14:47:02.529,Normal,63.0,56.0,23.72
53.0,-12.0,24.49,2025-04-27 14:57:02.545,Normal,63.0,56.0,23.72
53.0,-12.0,24.49,2025-04-27 15:07:02.561,Normal,63.0,55.0,23.77
53.0,-12.0,24.54,2025-04-27 15:17:02.577,Normal,63.0,55.0,23.7
53.0,-12.0,24.51,2025-04-27 15:27:02.593,Normal,63.0,55.0,23.7
53.0,-12.0,24.44,2025-04-27 15:37:02.609,Normal,63.0,55.0,23.62
53.0,-12.0,24.51,2025-04-27 15:47:02.625,Normal,63.0,53.0,23.62
53.0,-12.0,24.54,2025-04-27 15:57:02.641,Normal,63.0,54.0,23.67
53.0,-12.0,24.59,2025-04-27 16:07:02.657,Normal,63.0,38.0,23.85
