millis,humidity,light,temperature,timestamp
595,46.0,21.0,24.13,2025-04-22 07:35:00.595
600611,43.0,55.0,14.85,2025-04-22 07:45:00.611
1200626,46.0,53.0,12.43,2025-04-22 07:55:00.626
1800641,44.0,62.0,13.46,2025-04-22 08:05:00.641
2400656,44.0,62.0,13.52,2025-04-22 08:15:00.656
3000671,46.0,62.0,12.86,2025-04-22 08:25:00.671
3600686,47.0,64.0,12.25,2025-04-22 08:35:00.686
4200701,51.0,59.0,10.78,2025-04-22 08:45:00.701
4800716,39.0,75.0,16.97,2025-04-22 08:55:00.716
5400732,38.0,79.0,16.85,2025-04-22 09:05:00.732
6000747,38.0,80.0,17.02,2025-04-22 09:15:00.747
6600762,39.0,81.0,17.36,2025-04-22 09:25:00.762
7200777,39.0,81.0,17.39,2025-04-22 09:35:00.777
7800792,39.0,82.0,17.66,2025-04-22 09:45:00.792
8400807,40.0,87.0,18.11,2025-04-22 09:55:00.807
9000822,40.0,84.0,18.05,2025-04-22 10:05:00.822
9600837,41.0,85.0,18.16,2025-04-22 10:15:00.837
10200852,41.0,88.0,18.41,2025-04-22 10:25:00.852
10800867,41.0,86.0,18.63,2025-04-22 10:35:00.867
11400882,42.0,87.0,18.82,2025-04-22 10:45:00.882
12000897,42.0,83.0,18.96,2025-04-22 10:55:00.897
12600913,43.0,82.0,19.15,2025-04-22 11:05:00.913
13200928,43.0,80.0,19.23,2025-04-22 11:15:00.928
13800943,43.0,83.0,19.25,2025-04-22 11:25:00.943
14400958,43.0,83.0,19.42,2025-04-22 11:35:00.958
15000973,43.0,88.0,19.42,2025-04-22 11:45:00.973
15600988,43.0,85.0,19.55,2025-04-22 11:55:00.988
16201003,43.0,86.0,19.63,2025-04-22 12:05:01.003
16801018,44.0,86.0,19.79,2025-04-22 12:15:01.018
17401033,44.0,86.0,19.74,2025-04-22 12:25:01.033
18001048,44.0,87.0,19.82,2025-04-22 12:35:01.048
18601063,44.0,85.0,20.09,2025-04-22 12:45:01.063
19201078,44.0,85.0,20.36,2025-04-22 12:55:01.078
19801094,44.0,86.0,20.46,2025-04-22 13:05:01.094
20401109,44.0,86.0,20.52,2025-04-22 13:15:01.109
21001124,44.0,86.0,20.7,2025-04-22 13:25:01.124
21601139,44.0,86.0,20.86,2025-04-22 13:35:01.139
22201154,45.0,86.0,20.94,2025-04-22 13:45:01.154
22801169,45.0,85.0,20.91,2025-04-22 13:55:01.169
23401184,45.0,85.0,21.02,2025-04-22 14:05:01.184
24001199,45.0,89.0,21.12,2025-04-22 14:15:01.199
24601214,45.0,90.0,21.36,2025-04-22 14:25:01.214
25201229,45.0,91.0,21.36,2025-04-22 14:35:01.229
25801244,45.0,92.0,21.34,2025-04-22 14:45:01.244
26401259,45.0,91.0,21.34,2025-04-22 14:55:01.259
27001275,46.0,94.0,21.39,2025-04-22 15:05:01.275
27601290,46.0,95.0,21.28,2025-04-22 15:15:01.290
28201305,46.0,95.0,21.34,2025-04-22 15:25:01.305
28801320,46.0,96.0,21.36,2025-04-22 15:35:01.320
29401335,46.0,100.0,21.76,2025-04-22 15:45:01.335
30001350,46.0,100.0,23.05,2025-04-22 15:55:01.350
30601365,46.0,100.0,21.91,2025-04-22 16:05:01.365
31201380,46.0,100.0,21.62,2025-04-22 16:15:01.380
31801395,46.0,93.0,21.36,2025-04-22 16:25:01.395
32401410,46.0,89.0,21.12,2025-04-22 16:35:01.410
33001425,46.0,89.0,20.54,2025-04-22 16:45:01.425
33601440,46.0,88.0,20.54,2025-04-22 16:55:01.440
34201456,46.0,88.0,20.65,2025-04-22 17:05:01.456
34801471,46.0,84.0,20.38,2025-04-22 17:15:01.471
35401486,46.0,81.0,20.09,2025-04-22 17:25:01.486
36001501,46.0,80.0,19.85,2025-04-22 17:35:01.501
36601516,46.0,74.0,19.66,2025-04-22 17:45:01.516
37201531,46.0,60.0,19.66,2025-04-22 17:55:01.531
37801546,46.0,31.0,19.25,2025-04-22 18:05:01.546
38401561,45.0,5.0,19.2,2025-04-22 18:15:01.561
39001576,45.0,-14.0,18.9,2025-04-22 18:25:01.576
39601591,45.0,-16.0,19.09,2025-04-22 18:35:01.591
40201606,45.0,-16.0,18.82,2025-04-22 18:45:01.606
40801621,45.0,-16.0,19.23,2025-04-22 18:55:01.621
41401637,45.0,-16.0,19.25,2025-04-22 19:05:01.637
42001652,45.0,-16.0,19.23,2025-04-22 19:15:01.652
42601667,45.0,-16.0,19.34,2025-04-22 19:25:01.667
43201682,44.0,-16.0,19.36,2025-04-22 19:35:01.682
43801697,44.0,-16.0,19.31,2025-04-22 19:45:01.697
44401712,45.0,-16.0,19.36,2025-04-22 19:55:01.712
45001727,45.0,-16.0,19.31,2025-04-22 20:05:01.727
45601742,44.0,-16.0,19.34,2025-04-22 20:15:01.742
46201757,45.0,-16.0,19.25,2025-04-22 20:25:01.757
46801772,44.0,-16.0,19.25,2025-04-22 20:35:01.772
47401787,44.0,-16.0,19.23,2025-04-22 20:45:01.787
48001803,44.0,-16.0,19.25,2025-04-22 20:55:01.803
48601818,44.0,-16.0,19.23,2025-04-22 21:05:01.818
49201833,44.0,-16.0,19.23,2025-04-22 21:15:01.833
49801848,44.0,-16.0,19.17,2025-04-22 21:25:01.848
50401863,44.0,-15.0,19.23,2025-04-22 21:35:01.863
51001878,44.0,-16.0,19.23,2025-04-22 21:45:01.878
51601893,44.0,-9.0,19.23,2025-04-22 21:55:01.893
52201908,44.0,-10.0,19.25,2025-04-22 22:05:01.908
52801923,44.0,-6.0,19.36,2025-04-22 22:15:01.923
53401938,44.0,-9.0,19.36,2025-04-22 22:25:01.938
54001953,44.0,-9.0,19.42,2025-04-22 22:35:01.953
54601968,44.0,-11.0,19.58,2025-04-22 22:45:01.968
55201984,44.0,-10.0,19.58,2025-04-22 22:55:01.984
597,48.0,-14.0,18.82,2025-04-22 23:00:00.597
600613,43.0,0.0,17.02,2025-04-22 23:10:00.613
1200628,42.0,0.0,16.66,2025-04-22 23:20:00.628
1800643,41.0,-2.0,16.6,2025-04-22 23:30:00.643
2400658,42.0,-2.0,16.4,2025-04-22 23:40:00.658
3000673,42.0,-2.0,16.12,2025-04-22 23:50:00.673
3600688,42.0,-2.0,16.12,2025-04-23 00:00:00.688
4200703,42.0,-2.0,15.98,2025-04-23 00:10:00.703
4800718,41.0,-1.0,16.06,2025-04-23 00:20:00.718
5400733,41.0,-1.0,16.26,2025-04-23 00:30:00.733
6000748,41.0,-1.0,16.18,2025-04-23 00:40:00.748
6600764,41.0,-1.0,16.77,2025-04-23 00:50:00.764
7200779,41.0,-1.0,16.69,2025-04-23 01:00:00.779
7800794,41.0,-1.0,16.77,2025-04-23 01:10:00.794
8400809,41.0,-1.0,16.88,2025-04-23 01:20:00.809
9000824,41.0,-1.0,16.97,2025-04-23 01:30:00.824
9600839,41.0,-2.0,16.74,2025-04-23 01:40:00.839
10200854,41.0,-1.0,16.71,2025-04-23 01:50:00.854
10800869,40.0,-1.0,16.77,2025-04-23 02:00:00.869
11400884,40.0,-1.0,16.97,2025-04-23 02:10:00.884
12000899,40.0,-1.0,17.02,2025-04-23 02:20:00.899
12600914,40.0,-1.0,16.85,2025-04-23 02:30:00.914
13200929,40.0,-1.0,16.6,2025-04-23 02:40:00.929
13800944,40.0,-1.0,16.52,2025-04-23 02:50:00.944
14400960,40.0,-1.0,16.66,2025-04-23 03:00:00.960
15000975,40.0,-1.0,16.52,2025-04-23 03:10:00.975
15600990,40.0,-1.0,16.4,2025-04-23 03:20:00.990
16201005,40.0,-1.0,16.63,2025-04-23 03:30:01.005
16801020,40.0,-1.0,16.54,2025-04-23 03:40:01.020
17401035,40.0,-1.0,16.32,2025-04-23 03:50:01.035
18001050,40.0,-1.0,16.23,2025-04-23 04:00:01.050
18601065,40.0,-1.0,16.26,2025-04-23 04:10:01.065
19201080,40.0,-1.0,16.37,2025-04-23 04:20:01.080
19801095,39.0,-1.0,16.4,2025-04-23 04:30:01.095
20401110,39.0,-1.0,16.4,2025-04-23 04:40:01.110
21001125,39.0,-1.0,16.43,2025-04-23 04:50:01.125
21601141,39.0,-1.0,16.12,2025-04-23 05:00:01.141
22201156,39.0,-1.0,16.23,2025-04-23 05:10:01.156
22801171,39.0,-1.0,15.86,2025-04-23 05:20:01.171
23401186,39.0,-1.0,16.18,2025-04-23 05:30:01.186
24001201,39.0,-1.0,16.23,2025-04-23 05:40:01.201
24601216,39.0,-1.0,16.4,2025-04-23 05:50:01.216
25201231,39.0,-1.0,16.12,2025-04-23 06:00:01.231
25801246,39.0,-1.0,16.29,2025-04-23 06:10:01.246
26401261,39.0,-1.0,16.15,2025-04-23 06:20:01.261
27001276,39.0,-1.0,16.0,2025-04-23 06:30:01.276
27601291,39.0,-1.0,16.12,2025-04-23 06:40:01.291
28201306,39.0,-1.0,15.69,2025-04-23 06:50:01.306
28801322,39.0,0.0,16.0,2025-04-23 07:00:01.322
29401337,39.0,10.0,15.66,2025-04-23 07:10:01.337
30001352,39.0,19.0,15.66,2025-04-23 07:20:01.352
30601367,39.0,32.0,15.6,2025-04-23 07:30:01.367
31201382,38.0,49.0,15.4,2025-04-23 07:40:01.382
31801397,38.0,60.0,15.75,2025-04-23 07:50:01.397
32401412,38.0,62.0,15.66,2025-04-23 08:00:01.412
33001427,38.0,70.0,15.69,2025-04-23 08:10:01.427
33601442,39.0,64.0,16.15,2025-04-23 08:20:01.442
34201457,38.0,69.0,16.0,2025-04-23 08:30:01.457
34801472,38.0,78.0,16.2,2025-04-23 08:40:01.472
35401487,38.0,77.0,16.43,2025-04-23 08:50:01.487
36001503,38.0,84.0,16.26,2025-04-23 09:00:01.503
36601518,39.0,82.0,16.6,2025-04-23 09:10:01.518
37201533,38.0,85.0,16.43,2025-04-23 09:20:01.533
37801548,39.0,84.0,16.83,2025-04-23 09:30:01.548
38401563,39.0,85.0,16.99,2025-04-23 09:40:01.563
39001578,38.0,86.0,17.78,2025-04-23 09:50:01.578
39601593,38.0,89.0,17.36,2025-04-23 10:00:01.593
40201608,39.0,86.0,17.41,2025-04-23 10:10:01.608
40801623,39.0,86.0,17.44,2025-04-23 10:20:01.623
41401638,39.0,87.0,17.86,2025-04-23 10:30:01.638
42001653,39.0,90.0,18.08,2025-04-23 10:40:01.653
42601668,39.0,92.0,18.33,2025-04-23 10:50:01.668
43201684,39.0,90.0,18.52,2025-04-23 11:00:01.684
43801699,39.0,82.0,18.38,2025-04-23 11:10:01.699
44401714,39.0,87.0,18.13,2025-04-23 11:20:01.714
45001729,39.0,87.0,18.49,2025-04-23 11:30:01.729
45601744,39.0,96.0,18.93,2025-04-23 11:40:01.744
46201759,39.0,92.0,18.96,2025-04-23 11:50:01.759
46801774,39.0,91.0,19.17,2025-04-23 12:00:01.774
47401789,39.0,96.0,19.61,2025-04-23 12:10:01.789
48001804,39.0,98.0,19.98,2025-04-23 12:20:01.804
48601819,39.0,100.0,20.49,2025-04-23 12:30:01.819
49201834,39.0,100.0,20.2,2025-04-23 12:40:01.834
49801850,40.0,95.0,20.49,2025-04-23 12:50:01.850
50401865,39.0,91.0,20.52,2025-04-23 13:00:01.865
51001880,40.0,100.0,21.39,2025-04-23 13:10:01.880
51601895,40.0,100.0,21.52,2025-04-23 13:20:01.895
52201910,40.0,96.0,22.04,2025-04-23 13:30:01.910
52801925,40.0,99.0,21.7,2025-04-23 13:40:01.925
53401940,41.0,100.0,22.59,2025-04-23 13:50:01.940
54001955,41.0,100.0,22.61,2025-04-23 14:00:01.955
54601970,41.0,99.0,22.2,2025-04-23 14:10:01.970
55201985,41.0,97.0,21.91,2025-04-23 14:20:01.985
55802000,41.0,97.0,21.99,2025-04-23 14:30:02.000
56402015,42.0,100.0,22.9,2025-04-23 14:40:02.015
57002031,42.0,97.0,22.23,2025-04-23 14:50:02.031
57602046,42.0,99.0,22.17,2025-04-23 15:00:02.046
58202061,42.0,92.0,21.86,2025-04-23 15:10:02.061
58802076,41.0,99.0,22.2,2025-04-23 15:20:02.076
59402091,41.0,94.0,22.15,2025-04-23 15:30:02.091
60002106,41.0,93.0,22.09,2025-04-23 15:40:02.106
60602121,41.0,97.0,22.15,2025-04-23 15:50:02.121
61202136,42.0,94.0,22.82,2025-04-23 16:00:02.136
61802151,42.0,92.0,22.25,2025-04-23 16:10:02.151
62402166,41.0,100.0,23.8,2025-04-23 16:20:02.166
63002181,43.0,100.0,23.98,2025-04-23 16:30:02.181
63602196,43.0,89.0,22.2,2025-04-23 16:40:02.196
64202212,43.0,86.0,22.23,2025-04-23 16:50:02.212
64802227,41.0,91.0,22.2,2025-04-23 17:00:02.227
65402242,41.0,87.0,22.33,2025-04-23 17:10:02.242
66002257,41.0,81.0,22.04,2025-04-23 17:20:02.257
66602272,41.0,69.0,21.6,2025-04-23 17:30:02.272
67202287,40.0,56.0,21.34,2025-04-23 17:40:02.287
67802302,40.0,38.0,21.12,2025-04-23 17:50:02.302
68402317,40.0,26.0,20.78,2025-04-23 18:00:02.317
69002332,40.0,6.0,20.6,2025-04-23 18:10:02.332
69602347,40.0,1.0,20.52,2025-04-23 18:20:02.347
70202362,40.0,-4.0,20.17,2025-04-23 18:30:02.362
70802377,40.0,-5.0,20.12,2025-04-23 18:40:02.377
71402393,39.0,-5.0,19.9,2025-04-23 18:50:02.393
72002408,39.0,-5.0,19.69,2025-04-23 19:00:02.408
72602423,39.0,-5.0,19.66,2025-04-23 19:10:02.423
73202438,39.0,-5.0,19.15,2025-04-23 19:20:02.438
73802453,39.0,-5.0,19.28,2025-04-23 19:30:02.453
74402468,39.0,-5.0,18.41,2025-04-23 19:40:02.468
75002483,39.0,-5.0,18.55,2025-04-23 19:50:02.483
75602498,39.0,-5.0,18.93,2025-04-23 20:00:02.498
76202513,39.0,-5.0,19.12,2025-04-23 20:10:02.513
76802528,38.0,-5.0,18.74,2025-04-23 20:20:02.528
77402543,38.0,-5.0,18.66,2025-04-23 20:30:02.543
78002558,38.0,-5.0,18.27,2025-04-23 20:40:02.558
78602574,38.0,-3.0,18.52,2025-04-23 20:50:02.574
79202589,38.0,-4.0,18.49,2025-04-23 21:00:02.589
79802604,38.0,-3.0,18.16,2025-04-23 21:10:02.604
80402619,38.0,-5.0,17.16,2025-04-23 21:20:02.619
81002634,38.0,-5.0,17.89,2025-04-23 21:30:02.634
81602649,38.0,-5.0,17.11,2025-04-23 21:40:02.649
82202664,38.0,-5.0,17.44,2025-04-23 21:50:02.664
82802679,38.0,-5.0,17.16,2025-04-23 22:00:02.679
83402694,38.0,-5.0,16.15,2025-04-23 22:10:02.694
84002709,38.0,-5.0,17.02,2025-04-23 22:20:02.709
84602724,37.0,-5.0,16.99,2025-04-23 22:30:02.724
85202739,37.0,-5.0,16.4,2025-04-23 22:40:02.739
85802755,37.0,-5.0,16.26,2025-04-23 22:50:02.755
86402770,37.0,-5.0,15.75,2025-04-23 23:00:02.770
87002785,37.0,-5.0,15.52,2025-04-23 23:10:02.785
87602800,37.0,-5.0,15.8,2025-04-23 23:20:02.800
88202815,37.0,-5.0,15.69,2025-04-23 23:30:02.815
88802830,37.0,-5.0,15.92,2025-04-23 23:40:02.830
89402845,36.0,-5.0,15.66,2025-04-23 23:50:02.845
90002860,36.0,-5.0,16.03,2025-04-24 00:00:02.860
90602875,36.0,-5.0,15.11,2025-04-24 00:10:02.875
91202890,36.0,-5.0,15.29,2025-04-24 00:20:02.890
91802905,36.0,-5.0,15.05,2025-04-24 00:30:02.905
92402920,36.0,-5.0,14.85,2025-04-24 00:40:02.920
93002936,35.0,-5.0,15.2,2025-04-24 00:50:02.936
93602951,35.0,-5.0,15.2,2025-04-24 01:00:02.951
94202966,36.0,-5.0,15.37,2025-04-24 01:10:02.966
94802981,35.0,-5.0,14.2,2025-04-24 01:20:02.981
95402996,35.0,-5.0,14.47,2025-04-24 01:30:02.996
96003011,35.0,-5.0,13.94,2025-04-24 01:40:03.011
96603026,35.0,-5.0,14.03,2025-04-24 01:50:03.026
97203041,35.0,-5.0,14.26,2025-04-24 02:00:03.041
97803056,35.0,-5.0,13.82,2025-04-24 02:10:03.056
98403071,35.0,-5.0,13.79,2025-04-24 02:20:03.071
99003086,35.0,-5.0,14.0,2025-04-24 02:30:03.086
99603101,35.0,-5.0,13.79,2025-04-24 02:40:03.101
100203117,35.0,-5.0,13.37,2025-04-24 02:50:03.117
100803132,35.0,-5.0,13.7,2025-04-24 03:00:03.132
101403147,34.0,-5.0,12.86,2025-04-24 03:10:03.147
102003162,34.0,-5.0,13.52,2025-04-24 03:20:03.162
102603177,34.0,-5.0,13.25,2025-04-24 03:30:03.177
103203192,34.0,-5.0,13.73,2025-04-24 03:40:03.192
103803207,34.0,-5.0,13.76,2025-04-24 03:50:03.207
104403222,34.0,-5.0,13.49,2025-04-24 04:00:03.222
105003237,34.0,-5.0,14.0,2025-04-24 04:10:03.237
105603252,34.0,-5.0,13.55,2025-04-24 04:20:03.252
106203267,34.0,-5.0,13.46,2025-04-24 04:30:03.267
106803283,34.0,-5.0,13.49,2025-04-24 04:40:03.283
107403298,34.0,-5.0,13.31,2025-04-24 04:50:03.298
108003313,33.0,-5.0,13.85,2025-04-24 05:00:03.313
108603328,33.0,-5.0,13.34,2025-04-24 05:10:03.328
109203343,33.0,-5.0,13.13,2025-04-24 05:20:03.343
109803358,33.0,-5.0,13.28,2025-04-24 05:30:03.358
110403373,33.0,-5.0,13.4,2025-04-24 05:40:03.373
111003388,33.0,-5.0,12.92,2025-04-24 05:50:03.388
111603403,33.0,-5.0,13.49,2025-04-24 06:00:03.403
112203418,33.0,-5.0,12.98,2025-04-24 06:10:03.418
112803433,33.0,-5.0,12.34,2025-04-24 06:20:03.433
113403448,33.0,-5.0,12.92,2025-04-24 06:30:03.448
114003464,33.0,-5.0,12.67,2025-04-24 06:40:03.464
114603479,32.0,-5.0,12.98,2025-04-24 06:50:03.479
115203494,33.0,-3.0,12.55,2025-04-24 07:00:03.494
115803509,33.0,3.0,12.55,2025-04-24 07:10:03.509
116403524,78.0,12.0,13.31,2025-04-24 07:20:03.524
117003539,77.0,20.0,13.28,2025-04-24 07:30:03.539
601,82.0,-11.0,18.11,2025-04-24 07:33:00.601
600617,73.0,-16.0,20.14,2025-04-24 07:43:00.617
1200632,71.0,-16.0,20.52,2025-04-24 07:53:00.632
1800647,70.0,-16.0,20.75,2025-04-24 08:03:00.647
2400662,70.0,-16.0,20.86,2025-04-24 08:13:00.662
3000677,70.0,-16.0,20.94,2025-04-24 08:23:00.677
3600693,69.0,-16.0,20.99,2025-04-24 08:33:00.693
4200708,69.0,-16.0,21.05,2025-04-24 08:43:00.708
4800723,69.0,-16.0,21.1,2025-04-24 08:53:00.723
5400738,69.0,-16.0,21.12,2025-04-24 09:03:00.738
6000753,69.0,-16.0,21.1,2025-04-24 09:13:00.753
6600768,69.0,-16.0,21.23,2025-04-24 09:23:00.768
7200783,70.0,-16.0,21.1,2025-04-24 09:33:00.783
7800798,70.0,-16.0,21.31,2025-04-24 09:43:00.798
8400813,70.0,-16.0,21.34,2025-04-24 09:53:00.813
9000828,71.0,-16.0,21.36,2025-04-24 10:03:00.828
9600843,71.0,-16.0,21.36,2025-04-24 10:13:00.843
10200858,71.0,-16.0,21.36,2025-04-24 10:23:00.858
10800874,71.0,-16.0,21.39,2025-04-24 10:33:00.874
11400889,71.0,-16.0,21.44,2025-04-24 10:43:00.889
12000904,71.0,-16.0,21.39,2025-04-24 10:53:00.904
12600919,72.0,-16.0,21.41,2025-04-24 11:03:00.919
13200934,72.0,-16.0,21.47,2025-04-24 11:13:00.934
13800949,72.0,-16.0,21.49,2025-04-24 11:23:00.949
14400964,72.0,-16.0,21.52,2025-04-24 11:33:00.964
15000979,72.0,-16.0,21.44,2025-04-24 11:43:00.979
15600994,72.0,-16.0,21.49,2025-04-24 11:53:00.994
16201009,72.0,-16.0,21.52,2025-04-24 12:03:01.009
16801024,72.0,-16.0,21.55,2025-04-24 12:13:01.024
17401040,72.0,-16.0,21.55,2025-04-24 12:23:01.040
18001055,72.0,-16.0,21.52,2025-04-24 12:33:01.055
18601070,72.0,-16.0,21.57,2025-04-24 12:43:01.070
19201085,72.0,-16.0,21.55,2025-04-24 12:53:01.085
19801100,72.0,-16.0,21.6,2025-04-24 13:03:01.100
20401115,72.0,-16.0,21.62,2025-04-24 13:13:01.115
21001130,72.0,-16.0,21.55,2025-04-24 13:23:01.130
21601145,72.0,-16.0,21.65,2025-04-24 13:33:01.145
22201160,72.0,-16.0,21.62,2025-04-24 13:43:01.160
22801175,72.0,-16.0,21.65,2025-04-24 13:53:01.175
23401190,72.0,-16.0,21.65,2025-04-24 14:03:01.190
24001206,72.0,-16.0,21.65,2025-04-24 14:13:01.206
24601221,72.0,-16.0,21.7,2025-04-24 14:23:01.221
25201236,72.0,-16.0,21.73,2025-04-24 14:33:01.236
25801251,72.0,-16.0,21.7,2025-04-24 14:43:01.251
26401266,72.0,-16.0,21.7,2025-04-24 14:53:01.266
27001281,72.0,-16.0,21.76,2025-04-24 15:03:01.281
27601296,72.0,-16.0,21.78,2025-04-24 15:13:01.296
28201311,72.0,-16.0,21.83,2025-04-24 15:23:01.311
28801326,72.0,-16.0,21.86,2025-04-24 15:33:01.326
29401341,72.0,-16.0,21.83,2025-04-24 15:43:01.341
30001356,72.0,-16.0,21.91,2025-04-24 15:53:01.356
30601371,72.0,-16.0,21.96,2025-04-24 16:03:01.371
31201387,72.0,-16.0,22.02,2025-04-24 16:13:01.387
31801403,72.0,-16.0,22.07,2025-04-24 16:23:01.403
32401418,72.0,-16.0,22.07,2025-04-24 16:33:01.418
33001433,72.0,-16.0,22.12,2025-04-24 16:43:01.433
33601448,72.0,-16.0,22.15,2025-04-24 16:53:01.448
34201463,72.0,-16.0,22.17,2025-04-24 17:03:01.463
34801478,72.0,-16.0,22.17,2025-04-24 17:13:01.478
35401493,72.0,-16.0,22.17,2025-04-24 17:23:01.493
36001508,72.0,-16.0,22.17,2025-04-24 17:33:01.508
36601523,72.0,-16.0,22.2,2025-04-24 17:43:01.523
37201538,72.0,-16.0,22.17,2025-04-24 17:53:01.538
37801554,72.0,-16.0,22.17,2025-04-24 18:03:01.554
38401569,72.0,-16.0,22.15,2025-04-24 18:13:01.569
39001584,72.0,-16.0,22.15,2025-04-24 18:23:01.584
39601599,71.0,-16.0,22.2,2025-04-24 18:33:01.599
40201614,71.0,-16.0,22.17,2025-04-24 18:43:01.614
40801629,72.0,-16.0,22.12,2025-04-24 18:53:01.629
41401644,72.0,-16.0,22.15,2025-04-24 19:03:01.644
42001659,72.0,-16.0,22.07,2025-04-24 19:13:01.659
42601674,72.0,-16.0,22.04,2025-04-24 19:23:01.674
43201689,72.0,-16.0,22.04,2025-04-24 19:33:01.689
43801704,72.0,-16.0,22.02,2025-04-24 19:43:01.704
44401719,72.0,-16.0,21.99,2025-04-24 19:53:01.719
45001735,72.0,-16.0,21.94,2025-04-24 20:03:01.735
45601751,71.0,-16.0,21.94,2025-04-24 20:13:01.751
46201766,72.0,-16.0,21.91,2025-04-24 20:23:01.766
46801781,71.0,-16.0,21.89,2025-04-24 20:33:01.781
47401796,72.0,-16.0,21.86,2025-04-24 20:43:01.796
48001811,71.0,-16.0,21.83,2025-04-24 20:53:01.811
48601826,71.0,-16.0,21.81,2025-04-24 21:03:01.826
49201841,71.0,-16.0,21.86,2025-04-24 21:13:01.841
49801856,71.0,-16.0,21.83,2025-04-24 21:23:01.856
50401871,71.0,-16.0,21.78,2025-04-24 21:33:01.871
51001886,71.0,-16.0,21.78,2025-04-24 21:43:01.886
51601902,71.0,-16.0,21.78,2025-04-24 21:53:01.902
603,76.0,6.0,21.23,2025-04-24 22:02:00.603
600619,67.0,-13.0,24.79,2025-04-24 22:12:00.619
1200635,67.0,-13.0,25.04,2025-04-24 22:22:00.635
1800650,67.0,-13.0,24.79,2025-04-24 22:32:00.650
2400665,67.0,-13.0,24.84,2025-04-24 22:42:00.665
3000680,67.0,-12.0,25.45,2025-04-24 22:52:00.680
3600695,66.0,-12.0,25.5,2025-04-24 23:02:00.695
4200710,66.0,-12.0,25.47,2025-04-24 23:12:00.710
4800725,66.0,-11.0,25.87,2025-04-24 23:22:00.725
5400740,66.0,-11.0,26.15,2025-04-24 23:32:00.740
6000755,65.0,-10.0,26.37,2025-04-24 23:42:00.755
6600771,65.0,-10.0,26.35,2025-04-24 23:52:00.771
7200787,63.0,-7.0,28.31,2025-04-25 00:02:00.787
7800802,63.0,-7.0,28.43,2025-04-25 00:12:00.802
8400817,62.0,-7.0,28.36,2025-04-25 00:22:00.817
9000832,62.0,-7.0,28.58,2025-04-25 00:32:00.832
9600847,62.0,-7.0,28.43,2025-04-25 00:42:00.847
10200862,62.0,-7.0,28.58,2025-04-25 00:52:00.862
10800877,62.0,-7.0,28.28,2025-04-25 01:02:00.877
11400892,63.0,-8.0,27.81,2025-04-25 01:12:00.892
12000907,63.0,-8.0,27.79,2025-04-25 01:22:00.907
12600922,63.0,-8.0,27.74,2025-04-25 01:32:00.922
13200937,63.0,-8.0,27.76,2025-04-25 01:42:00.937
13800953,63.0,-8.0,27.59,2025-04-25 01:52:00.953
14400968,63.0,-8.0,27.52,2025-04-25 02:02:00.968
15000983,63.0,-8.0,27.39,2025-04-25 02:12:00.983
15600998,63.0,-8.0,27.34,2025-04-25 02:22:00.998
16201013,63.0,-8.0,27.42,2025-04-25 02:32:01.013
16801028,63.0,-8.0,27.37,2025-04-25 02:42:01.028
17401043,63.0,-9.0,27.12,2025-04-25 02:52:01.043
18001058,63.0,-9.0,27.15,2025-04-25 03:02:01.058
18601074,63.0,-9.0,27.07,2025-04-25 03:12:01.074
19201089,63.0,-9.0,27.07,2025-04-25 03:22:01.089
19801104,63.0,-9.0,27.05,2025-04-25 03:32:01.104
20401119,64.0,-9.0,26.92,2025-04-25 03:42:01.119
21001135,64.0,-9.0,26.92,2025-04-25 03:52:01.135
21601150,64.0,-9.0,26.87,2025-04-25 04:02:01.150
22201165,64.0,-9.0,26.85,2025-04-25 04:12:01.165
22801181,64.0,-9.0,26.92,2025-04-25 04:22:01.181
23401196,64.0,-9.0,26.67,2025-04-25 04:32:01.196
24001211,64.0,-9.0,26.72,2025-04-25 04:42:01.211
24601226,64.0,-9.0,26.65,2025-04-25 04:52:01.226
25201241,64.0,-9.0,26.65,2025-04-25 05:02:01.241
25801256,64.0,-9.0,26.95,2025-04-25 05:12:01.256
26401272,63.0,-9.0,26.7,2025-04-25 05:22:01.272
27001287,63.0,-9.0,26.75,2025-04-25 05:32:01.287
27601302,64.0,-9.0,26.62,2025-04-25 05:42:01.302
28201318,64.0,-9.0,26.5,2025-04-25 05:52:01.318
28801333,64.0,-9.0,26.52,2025-04-25 06:02:01.333
29401348,64.0,-9.0,26.52,2025-04-25 06:12:01.348
30001363,64.0,-9.0,26.42,2025-04-25 06:22:01.363
30601378,64.0,-9.0,26.4,2025-04-25 06:32:01.378
31201393,64.0,-9.0,26.4,2025-04-25 06:42:01.393
31801408,64.0,-8.0,26.4,2025-04-25 06:52:01.408
32401423,64.0,0.0,26.35,2025-04-25 07:02:01.423
33001438,63.0,12.0,26.4,2025-04-25 07:12:01.438
33601453,63.0,31.0,26.42,2025-04-25 07:22:01.453
34201468,63.0,66.0,26.7,2025-04-25 07:32:01.468
34801483,63.0,79.0,26.85,2025-04-25 07:42:01.483
35401499,63.0,83.0,26.95,2025-04-25 07:52:01.499
36001515,63.0,80.0,27.07,2025-04-25 08:02:01.515
36601530,63.0,87.0,27.07,2025-04-25 08:12:01.530
37201545,63.0,90.0,27.1,2025-04-25 08:22:01.545
37801560,63.0,91.0,27.1,2025-04-25 08:32:01.560
38401575,63.0,92.0,27.22,2025-04-25 08:42:01.575
39001590,63.0,92.0,27.07,2025-04-25 08:52:01.590
39601605,63.0,92.0,27.42,2025-04-25 09:02:01.605
40201620,62.0,92.0,27.74,2025-04-25 09:12:01.620
40801635,62.0,92.0,27.86,2025-04-25 09:22:01.635
41401650,62.0,92.0,27.81,2025-04-25 09:32:01.650
42001665,63.0,91.0,27.72,2025-04-25 09:42:01.665
42601681,63.0,90.0,27.64,2025-04-25 09:52:01.681
43201697,63.0,89.0,27.74,2025-04-25 10:02:01.697
43801712,63.0,88.0,27.69,2025-04-25 10:12:01.712
44401728,63.0,88.0,27.69,2025-04-25 10:22:01.728
45001743,63.0,86.0,27.44,2025-04-25 10:32:01.743
45601758,63.0,85.0,27.34,2025-04-25 10:42:01.758
46201773,63.0,83.0,27.42,2025-04-25 10:52:01.773
46801788,63.0,82.0,27.52,2025-04-25 11:02:01.788
47401803,63.0,80.0,27.86,2025-04-25 11:12:01.803
48001818,62.0,79.0,28.14,2025-04-25 11:22:01.818
48601833,62.0,77.0,28.58,2025-04-25 11:32:01.833
49201849,62.0,76.0,28.33,2025-04-25 11:42:01.849
49801865,62.0,74.0,28.6,2025-04-25 11:52:01.865
50401881,62.0,72.0,28.6,2025-04-25 12:02:01.881
51001896,62.0,70.0,28.7,2025-04-25 12:12:01.896
51601911,61.0,69.0,28.82,2025-04-25 12:22:01.911
52201927,61.0,68.0,28.97,2025-04-25 12:32:01.927
52801942,61.0,68.0,28.97,2025-04-25 12:42:01.942
53401957,61.0,67.0,29.36,2025-04-25 12:52:01.957
54001972,58.0,69.0,31.34,2025-04-25 13:02:01.972
54601987,58.0,64.0,31.36,2025-04-25 13:12:01.987
55202002,59.0,62.0,31.17,2025-04-25 13:22:02.002
605,73.0,90.0,23.67,2025-04-25 16:23:00.605
600621,68.0,60.0,23.85,2025-04-25 16:33:00.621
1200637,68.0,62.0,24.0,2025-04-25 16:43:00.637
1800652,67.0,67.0,25.02,2025-04-25 16:53:00.652
2400667,67.0,57.0,24.41,2025-04-25 17:03:00.667
3000682,67.0,49.0,24.51,2025-04-25 17:13:00.682
3600697,67.0,41.0,24.33,2025-04-25 17:23:00.697
4200712,67.0,39.0,24.26,2025-04-25 17:33:00.712
4800728,67.0,38.0,24.03,2025-04-25 17:43:00.728
5400743,67.0,20.0,23.98,2025-04-25 17:53:00.743
6000758,67.0,2.0,23.77,2025-04-25 18:03:00.758
6600773,67.0,-9.0,23.47,2025-04-25 18:13:00.773
7200788,67.0,-15.0,23.39,2025-04-25 18:23:00.788
7800804,67.0,-16.0,23.31,2025-04-25 18:33:00.804
8400820,67.0,-16.0,22.9,2025-04-25 18:43:00.820
9000836,66.0,-16.0,22.77,2025-04-25 18:53:00.836
9600851,66.0,-16.0,22.48,2025-04-25 19:03:00.851
10200866,66.0,-16.0,21.96,2025-04-25 19:13:00.866
10800881,66.0,-16.0,22.02,2025-04-25 19:23:00.881
11400896,66.0,-16.0,22.61,2025-04-25 19:33:00.896
12000911,66.0,-16.0,22.77,2025-04-25 19:43:00.911
12600926,66.0,-16.0,22.9,2025-04-25 19:53:00.926
13200941,66.0,-16.0,22.9,2025-04-25 20:03:00.941
13800956,65.0,-16.0,22.95,2025-04-25 20:13:00.956
14400971,65.0,-16.0,22.95,2025-04-25 20:23:00.971
15000987,65.0,-16.0,22.85,2025-04-25 20:33:00.987
15601003,65.0,-16.0,22.85,2025-04-25 20:43:01.003
16201018,65.0,-16.0,22.38,2025-04-25 20:53:01.018
16801033,65.0,-16.0,22.09,2025-04-25 21:03:01.033
17401048,65.0,-16.0,22.15,2025-04-25 21:13:01.048
18001063,65.0,-16.0,21.91,2025-04-25 21:23:01.063
18601078,65.0,-16.0,22.12,2025-04-25 21:33:01.078
19201093,65.0,-16.0,21.78,2025-04-25 21:43:01.093
19801108,65.0,-16.0,21.76,2025-04-25 21:53:01.108
20401123,64.0,-16.0,21.76,2025-04-25 22:03:01.123
21001138,64.0,-16.0,21.99,2025-04-25 22:13:01.138
21601154,64.0,-16.0,22.43,2025-04-25 22:23:01.154
22201170,65.0,-16.0,22.23,2025-04-25 22:33:01.170
22801185,65.0,-16.0,22.2,2025-04-25 22:43:01.185
23401200,65.0,-16.0,22.46,2025-04-25 22:53:01.200
24001215,65.0,-16.0,22.51,2025-04-25 23:03:01.215
24601230,65.0,-16.0,22.59,2025-04-25 23:13:01.230
25201245,65.0,-16.0,22.56,2025-04-25 23:23:01.245
25801260,65.0,-16.0,22.48,2025-04-25 23:33:01.260
26401276,65.0,-16.0,22.54,2025-04-25 23:43:01.276
27001291,65.0,-16.0,22.61,2025-04-25 23:53:01.291
27601306,65.0,-16.0,22.67,2025-04-26 00:03:01.306
28201321,65.0,-16.0,22.77,2025-04-26 00:13:01.321
28801337,65.0,-16.0,22.77,2025-04-26 00:23:01.337
29401353,64.0,-16.0,23.11,2025-04-26 00:33:01.353
30001368,64.0,-16.0,23.52,2025-04-26 00:43:01.368
30601384,64.0,-16.0,23.62,2025-04-26 00:53:01.384
31201399,64.0,-16.0,23.59,2025-04-26 01:03:01.399
31801414,64.0,-16.0,23.62,2025-04-26 01:13:01.414
32401429,64.0,-16.0,23.62,2025-04-26 01:23:01.429
33001444,64.0,-16.0,23.59,2025-04-26 01:33:01.444
33601459,64.0,-16.0,23.59,2025-04-26 01:43:01.459
34201474,64.0,-16.0,23.59,2025-04-26 01:53:01.474
34801489,64.0,-16.0,23.62,2025-04-26 02:03:01.489
35401505,64.0,-16.0,23.62,2025-04-26 02:13:01.505
36001521,64.0,-16.0,23.62,2025-04-26 02:23:01.521
36601536,64.0,-16.0,23.62,2025-04-26 02:33:01.536
37201551,64.0,-16.0,23.57,2025-04-26 02:43:01.551
37801566,64.0,-16.0,23.64,2025-04-26 02:53:01.566
38401581,64.0,-16.0,23.59,2025-04-26 03:03:01.581
39001596,64.0,-16.0,23.54,2025-04-26 03:13:01.596
39601611,64.0,-15.0,23.59,2025-04-26 03:23:01.611
40201626,64.0,-16.0,23.57,2025-04-26 03:33:01.626
40801641,64.0,-16.0,23.57,2025-04-26 03:43:01.641
41401656,64.0,-16.0,23.62,2025-04-26 03:53:01.656
42001671,64.0,-16.0,23.62,2025-04-26 04:03:01.671
42601687,64.0,-16.0,23.62,2025-04-26 04:13:01.687
43201703,64.0,-16.0,23.64,2025-04-26 04:23:01.703
43801718,64.0,-16.0,23.7,2025-04-26 04:33:01.718
44401733,64.0,-16.0,23.72,2025-04-26 04:43:01.733
45001748,64.0,-16.0,23.59,2025-04-26 04:53:01.748
45601763,64.0,-16.0,23.57,2025-04-26 05:03:01.763
46201778,64.0,-16.0,23.57,2025-04-26 05:13:01.778
46801793,64.0,-16.0,23.54,2025-04-26 05:23:01.793
47401808,64.0,-16.0,23.59,2025-04-26 05:33:01.808
48001824,64.0,-16.0,23.57,2025-04-26 05:43:01.824
48601839,64.0,-16.0,23.59,2025-04-26 05:53:01.839
49201855,64.0,-16.0,23.52,2025-04-26 06:03:01.855
49801871,64.0,-16.0,23.59,2025-04-26 06:13:01.871
50401886,64.0,-16.0,23.52,2025-04-26 06:23:01.886
51001901,64.0,-16.0,23.52,2025-04-26 06:33:01.901
51601916,64.0,-16.0,23.49,2025-04-26 06:43:01.916
52201932,64.0,-16.0,23.49,2025-04-26 06:53:01.932
52801947,64.0,-15.0,23.49,2025-04-26 07:03:01.947
53401962,64.0,-14.0,23.54,2025-04-26 07:13:01.962
54001977,64.0,-10.0,23.47,2025-04-26 07:23:01.977
54601992,64.0,2.0,23.49,2025-04-26 07:33:01.992
55202007,64.0,-5.0,23.52,2025-04-26 07:43:02.007
55802022,64.0,-4.0,23.49,2025-04-26 07:53:02.022
56402038,64.0,-8.0,23.47,2025-04-26 08:03:02.038
57002054,64.0,3.0,23.47,2025-04-26 08:13:02.054
57602069,64.0,16.0,23.52,2025-04-26 08:23:02.069
58202084,64.0,-3.0,23.47,2025-04-26 08:33:02.084
58802099,63.0,42.0,23.52,2025-04-26 08:43:02.099
59402114,64.0,66.0,23.59,2025-04-26 08:53:02.114
60002129,63.0,71.0,23.72,2025-04-26 09:03:02.129
60602144,63.0,91.0,23.85,2025-04-26 09:13:02.144
61202159,63.0,70.0,23.82,2025-04-26 09:23:02.159
61802174,63.0,89.0,23.93,2025-04-26 09:33:02.174
62402189,64.0,87.0,23.87,2025-04-26 09:43:02.189
63002204,64.0,87.0,23.8,2025-04-26 09:53:02.204
63602220,64.0,86.0,23.9,2025-04-26 10:03:02.220
64202236,63.0,85.0,23.75,2025-04-26 10:13:02.236
64802251,63.0,77.0,23.95,2025-04-26 10:23:02.251
65402266,64.0,82.0,24.1,2025-04-26 10:33:02.266
66002281,64.0,81.0,24.13,2025-04-26 10:43:02.281
66602296,64.0,80.0,23.85,2025-04-26 10:53:02.296
67202311,64.0,79.0,23.85,2025-04-26 11:03:02.311
67802326,64.0,78.0,23.72,2025-04-26 11:13:02.326
68402341,63.0,67.0,23.59,2025-04-26 11:23:02.341
69002356,63.0,74.0,23.52,2025-04-26 11:33:02.356
69602372,63.0,70.0,23.31,2025-04-26 11:43:02.372
70202388,63.0,67.0,23.62,2025-04-26 11:53:02.388
70802404,63.0,65.0,23.7,2025-04-26 12:03:02.404
71402420,63.0,64.0,23.72,2025-04-26 12:13:02.420
72002435,63.0,63.0,23.72,2025-04-26 12:23:02.435
72602450,63.0,63.0,23.75,2025-04-26 12:33:02.450
73202465,63.0,63.0,23.75,2025-04-26 12:43:02.465
73802481,63.0,62.0,23.8,2025-04-26 12:53:02.481
74402496,63.0,63.0,23.8,2025-04-26 13:03:02.496
75002512,63.0,62.0,23.72,2025-04-26 13:13:02.512
75602527,63.0,62.0,23.77,2025-04-26 13:23:02.527
76202543,63.0,61.0,23.85,2025-04-26 13:33:02.543
76802558,63.0,56.0,23.7,2025-04-26 13:43:02.558
77402574,63.0,56.0,23.72,2025-04-26 13:53:02.574
78002590,63.0,56.0,23.72,2025-04-26 14:03:02.590
78602606,63.0,55.0,23.77,2025-04-26 14:13:02.606
79202622,63.0,55.0,23.7,2025-04-26 14:23:02.622
79802637,63.0,55.0,23.7,2025-04-26 14:33:02.637
80402652,63.0,55.0,23.62,2025-04-26 14:43:02.652
81002667,63.0,53.0,23.62,2025-04-26 14:53:02.667
81602682,63.0,54.0,23.67,2025-04-26 15:03:02.682
82202697,63.0,38.0,23.85,2025-04-26 15:13:02.697
82802713,62.0,51.0,23.85,2025-04-26 15:23:02.713
83402728,62.0,51.0,23.87,2025-04-26 15:33:02.728
84002744,62.0,51.0,24.0,2025-04-26 15:43:02.744
84602760,62.0,50.0,24.03,2025-04-26 15:53:02.760
85202776,62.0,49.0,24.0,2025-04-26 16:03:02.776
85802792,62.0,49.0,24.0,2025-04-26 16:13:02.792
86402807,62.0,48.0,23.93,2025-04-26 16:23:02.807
87002823,62.0,47.0,23.93,2025-04-26 16:33:02.823
87602839,62.0,45.0,23.9,2025-04-26 16:43:02.839
88202854,62.0,44.0,23.9,2025-04-26 16:53:02.854
88802870,62.0,42.0,23.87,2025-04-26 17:03:02.870
89402885,62.0,40.0,23.87,2025-04-26 17:13:02.885
90002901,62.0,37.0,23.95,2025-04-26 17:23:02.901
90602917,62.0,33.0,23.87,2025-04-26 17:33:02.917
91202933,62.0,26.0,23.9,2025-04-26 17:43:02.933
91802949,61.0,16.0,23.85,2025-04-26 17:53:02.949
92402965,61.0,1.0,23.85,2025-04-26 18:03:02.965
93002981,61.0,-11.0,23.85,2025-04-26 18:13:02.981
93602997,61.0,-15.0,23.85,2025-04-26 18:23:02.997
609,66.0,-3.0,22.87,2025-04-26 18:27:00.609
600625,60.0,-14.0,25.04,2025-04-26 18:37:00.625
1200641,60.0,-14.0,25.07,2025-04-26 18:47:00.641
1800656,60.0,-14.0,24.77,2025-04-26 18:57:00.656
2400672,60.0,1.0,24.79,2025-04-26 19:07:00.672
3000687,60.0,-3.0,24.74,2025-04-26 19:17:00.687
3600702,60.0,-2.0,24.69,2025-04-26 19:27:00.702
4200717,60.0,0.0,24.64,2025-04-26 19:37:00.717
4800733,60.0,-14.0,24.61,2025-04-26 19:47:00.733
5400749,60.0,-15.0,24.54,2025-04-26 19:57:00.749
6000765,60.0,-15.0,24.38,2025-04-26 20:07:00.765
6600781,60.0,-15.0,24.41,2025-04-26 20:17:00.781
7200797,60.0,-15.0,24.38,2025-04-26 20:27:00.797
7800812,60.0,-15.0,24.33,2025-04-26 20:37:00.812
8400828,60.0,-4.0,24.28,2025-04-26 20:47:00.828
9000843,60.0,-15.0,24.26,2025-04-26 20:57:00.843
9600859,60.0,-15.0,24.18,2025-04-26 21:07:00.859
10200875,60.0,-15.0,24.1,2025-04-26 21:17:00.875
10800891,60.0,-15.0,24.03,2025-04-26 21:27:00.891
11400907,60.0,-15.0,24.08,2025-04-26 21:37:00.907
12000923,60.0,-15.0,23.9,2025-04-26 21:47:00.923
12600939,60.0,-15.0,23.93,2025-04-26 21:57:00.939
13200955,60.0,-15.0,23.9,2025-04-26 22:07:00.955
13800971,59.0,-14.0,23.9,2025-04-26 22:17:00.971
14400986,60.0,-15.0,23.93,2025-04-26 22:27:00.986
15001002,59.0,-12.0,23.93,2025-04-26 22:37:01.002
15601017,59.0,-12.0,23.9,2025-04-26 22:47:01.017
16201032,59.0,-12.0,23.85,2025-04-26 22:57:01.032
16801048,59.0,-14.0,23.85,2025-04-26 23:07:01.048
17401064,59.0,-15.0,23.87,2025-04-26 23:17:01.064
18001079,59.0,-15.0,23.82,2025-04-26 23:27:01.079
18601095,59.0,-15.0,23.85,2025-04-26 23:37:01.095
19201111,59.0,-15.0,23.75,2025-04-26 23:47:01.111
19801127,59.0,-15.0,23.72,2025-04-26 23:57:01.127
20401143,59.0,-15.0,23.72,2025-04-27 00:07:01.143
21001158,59.0,-15.0,23.7,2025-04-27 00:17:01.158
21601174,59.0,-15.0,23.67,2025-04-27 00:27:01.174
22201190,59.0,-15.0,23.59,2025-04-27 00:37:01.190
22801206,59.0,-15.0,23.52,2025-04-27 00:47:01.206
23401222,59.0,-14.0,23.57,2025-04-27 00:57:01.222
24001237,59.0,-15.0,23.41,2025-04-27 01:07:01.237
24601253,59.0,-15.0,23.52,2025-04-27 01:17:01.253
25201269,59.0,-15.0,23.44,2025-04-27 01:27:01.269
25801284,59.0,-15.0,23.41,2025-04-27 01:37:01.284
26401300,59.0,-15.0,23.41,2025-04-27 01:47:01.300
27001316,59.0,-15.0,23.41,2025-04-27 01:57:01.316
27601332,59.0,-15.0,23.41,2025-04-27 02:07:01.332
28201347,58.0,-15.0,23.36,2025-04-27 02:17:01.347
28801363,58.0,-15.0,23.26,2025-04-27 02:27:01.363
29401378,58.0,-15.0,23.21,2025-04-27 02:37:01.378
30001394,58.0,-15.0,23.21,2025-04-27 02:47:01.394
30601410,58.0,-15.0,23.18,2025-04-27 02:57:01.410
31201425,58.0,-15.0,23.16,2025-04-27 03:07:01.425
31801441,58.0,-15.0,23.11,2025-04-27 03:17:01.441
32401457,58.0,-15.0,23.03,2025-04-27 03:27:01.457
33001473,58.0,-15.0,23.05,2025-04-27 03:37:01.473
33601489,58.0,-15.0,23.03,2025-04-27 03:47:01.489
34201505,58.0,-15.0,23.03,2025-04-27 03:57:01.505
34801521,58.0,-15.0,23.03,2025-04-27 04:07:01.521
35401537,58.0,-15.0,22.95,2025-04-27 04:17:01.537
36001553,58.0,-15.0,22.95,2025-04-27 04:27:01.553
36601568,58.0,-15.0,22.92,2025-04-27 04:37:01.568
37201584,58.0,-15.0,22.92,2025-04-27 04:47:01.584
37801600,58.0,-15.0,22.82,2025-04-27 04:57:01.600
38401615,58.0,-15.0,22.85,2025-04-27 05:07:01.615
39001631,58.0,-15.0,22.74,2025-04-27 05:17:01.631
39601647,58.0,-15.0,22.8,2025-04-27 05:27:01.647
40201663,58.0,-15.0,22.77,2025-04-27 05:37:01.663
40801679,58.0,-15.0,22.77,2025-04-27 05:47:01.679
41401694,57.0,-15.0,22.69,2025-04-27 05:57:01.694
42001710,57.0,-15.0,22.72,2025-04-27 06:07:01.710
42601725,57.0,-15.0,22.72,2025-04-27 06:17:01.725
43201740,57.0,-15.0,22.85,2025-04-27 06:27:01.740
43801755,57.0,-15.0,22.77,2025-04-27 06:37:01.755
44401771,57.0,-15.0,22.82,2025-04-27 06:47:01.771
45001787,57.0,-15.0,22.87,2025-04-27 06:57:01.787
45601803,57.0,-14.0,22.8,2025-04-27 07:07:01.803
46201819,57.0,-13.0,22.87,2025-04-27 07:17:01.819
46801835,56.0,-7.0,23.03,2025-04-27 07:27:01.835
47401851,56.0,-14.0,23.03,2025-04-27 07:37:01.851
48001866,56.0,-14.0,23.16,2025-04-27 07:47:01.866
48601882,56.0,-14.0,23.08,2025-04-27 07:57:01.882
49201898,56.0,-14.0,23.11,2025-04-27 08:07:01.898
49801913,56.0,-14.0,23.05,2025-04-27 08:17:01.913
50401929,56.0,-14.0,23.08,2025-04-27 08:27:01.929
51001945,56.0,-14.0,23.11,2025-04-27 08:37:01.945
51601960,56.0,-14.0,23.26,2025-04-27 08:47:01.960
52201975,55.0,-13.0,23.29,2025-04-27 08:57:01.975
52801991,55.0,-13.0,23.44,2025-04-27 09:07:01.991
53402007,55.0,-13.0,23.47,2025-04-27 09:17:02.007
54002023,55.0,-13.0,23.54,2025-04-27 09:27:02.023
54602039,55.0,-13.0,23.67,2025-04-27 09:37:02.039
55202055,55.0,-13.0,23.8,2025-04-27 09:47:02.055
55802071,55.0,-13.0,23.87,2025-04-27 09:57:02.071
56402086,55.0,-12.0,23.98,2025-04-27 10:07:02.086
57002102,55.0,-12.0,24.03,2025-04-27 10:17:02.102
57602117,54.0,-12.0,24.21,2025-04-27 10:27:02.117
58202133,54.0,-12.0,24.28,2025-04-27 10:37:02.133
58802149,54.0,-12.0,24.38,2025-04-27 10:47:02.149
59402165,54.0,-12.0,24.33,2025-04-27 10:57:02.165
60002181,54.0,-3.0,24.51,2025-04-27 11:07:02.181
60602197,54.0,-4.0,24.56,2025-04-27 11:17:02.197
61202213,54.0,-5.0,24.64,2025-04-27 11:27:02.213
61802229,54.0,-5.0,24.64,2025-04-27 11:37:02.229
62402245,54.0,-12.0,24.26,2025-04-27 11:47:02.245
63002261,54.0,-12.0,24.23,2025-04-27 11:57:02.261
63602277,54.0,-12.0,24.26,2025-04-27 12:07:02.277
64202293,54.0,-12.0,24.28,2025-04-27 12:17:02.293
64802308,54.0,-12.0,24.26,2025-04-27 12:27:02.308
65402323,53.0,-12.0,24.31,2025-04-27 12:37:02.323
66002339,53.0,-12.0,24.33,2025-04-27 12:47:02.339
66602355,53.0,-12.0,24.28,2025-04-27 12:57:02.355
67202371,53.0,-12.0,24.36,2025-04-27 13:07:02.371
67802387,53.0,-12.0,24.33,2025-04-27 13:17:02.387
68402403,53.0,-12.0,24.33,2025-04-27 13:27:02.403
69002419,53.0,-12.0,24.28,2025-04-27 13:37:02.419
69602435,53.0,-12.0,24.38,2025-04-27 13:47:02.435
70202451,53.0,-12.0,24.38,2025-04-27 13:57:02.451
70802467,53.0,-12.0,24.41,2025-04-27 14:07:02.467
71402482,53.0,-12.0,24.38,2025-04-27 14:17:02.482
72002498,53.0,-12.0,24.46,2025-04-27 14:27:02.498
72602513,53.0,-12.0,24.44,2025-04-27 14:37:02.513
73202529,53.0,-12.0,24.28,2025-04-27 14:47:02.529
73802545,53.0,-12.0,24.49,2025-04-27 14:57:02.545
74402561,53.0,-12.0,24.49,2025-04-27 15:07:02.561
75002577,53.0,-12.0,24.54,2025-04-27 15:17:02.577
75602593,53.0,-12.0,24.51,2025-04-27 15:27:02.593
76202609,53.0,-12.0,24.44,2025-04-27 15:37:02.609
76802625,53.0,-12.0,24.51,2025-04-27 15:47:02.625
77402641,53.0,-12.0,24.54,2025-04-27 15:57:02.641
78002657,53.0,-12.0,24.59,2025-04-27 16:07:02.657
